provisional_unit_id	phenotype_label	discovery_variant_rsid	statistical_source_difference	practical_compatibility	nominal_support_pattern
nmrv_03_q06_cardiac_conduction	Cardiac conduction disorders	rs34883828	unsupported	not_demonstrated	both
nmrv_21_q26_sleep_apnea	Sleep apnea	rs13107325	unsupported	not_demonstrated	both
nmrv_15_q20_acute_renal_failure	Acute renal failure	rs62048402	unsupported	within_declared_margin	one
nmrv_14_q20_acute_renal_failure	Acute renal failure	rs7742789	unsupported	within_declared_margin	one
nmrv_28_q03_atrial_fibrillation	Atrial fibrillation and flutter	rs17042059	unsupported	within_declared_margin	both
nmrv_34_q09_diverticular_disease	Diverticular disease	rs7086249	unsupported	within_declared_margin	both
nmrv_33_q07_heart_failure	Heart failure	rs1421085	unsupported	within_declared_margin	both
nmrv_32_q07_heart_failure	Heart failure	rs3176326	unsupported	within_declared_margin	both
nmrv_24_q01_hypertension	Hypertension	rs13125101	unsupported	within_declared_margin	both
nmrv_36_q10_inguinal_hernia	Inguinal hernia	rs3791675	unsupported	within_declared_margin	both
nmrv_37_q10_inguinal_hernia	Inguinal hernia	rs4524799	unsupported	within_declared_margin	both
nmrv_01_q04_obesity	Obesity	rs1421085	unsupported	within_declared_margin	both
nmrv_17_q23_osteoporosis	Osteoporosis	rs12256387	unsupported	within_declared_margin	both
nmrv_16_q23_osteoporosis	Osteoporosis	rs2908007	unsupported	within_declared_margin	both
nmrv_23_q28_urinary_retention	Retention of urine	rs11084596	unsupported	within_declared_margin	both
nmrv_22_q28_urinary_retention	Retention of urine	rs452932	unsupported	within_declared_margin	both
nmrv_20_q26_sleep_apnea	Sleep apnea	rs1421085	unsupported	within_declared_margin	both
nmrv_04_q08_unstable_angina	Unstable angina	rs4977575	unsupported	within_declared_margin	both
nmrv_07_q12_diaphragmatic_hernia	Diaphragmatic hernia	rs17278665	supported	not_demonstrated	both
nmrv_06_q12_diaphragmatic_hernia	Diaphragmatic hernia	rs2301250	supported	not_demonstrated	both
nmrv_26_q02_ischemic_heart_disease	Ischaemic heart disease	rs10455872	supported	not_demonstrated	both
nmrv_05_q08_unstable_angina	Unstable angina	rs10455872	supported	not_demonstrated	both
nmrv_25_q01_hypertension	Hypertension	rs62048402	supported	within_declared_margin	both
nmrv_02_q04_obesity	Obesity	rs13130484	supported	within_declared_margin	both
nmrv_18_q25_spinal_stenosis	Spinal stenosis	rs11635145	supported	within_declared_margin	both
