trait_id	outcome_family	original_nsnp_finngen	original_nsnp_panukb	nsnp_common_analysis	exact_instrument_set_match	jaccard_instrument_overlap
age_smoking_initiation_gscan	tier1_001_hypertension	7	7	7	TRUE	1
age_smoking_initiation_gscan	tier1_002_hypertension_essential	7	7	7	TRUE	1
age_smoking_initiation_gscan	tier1_003_ischaemic_heart_disease_wide_definition	7	7	7	TRUE	1
age_smoking_initiation_gscan	tier1_004_angina_pectoris	7	6	6	FALSE	0.857142857142857
age_smoking_initiation_gscan	tier1_005_atrial_fibrillation_and_flutter	7	6	6	FALSE	0.857142857142857
age_smoking_initiation_gscan	tier1_006_obesity	7	6	6	FALSE	0.857142857142857
age_smoking_initiation_gscan	tier1_007_obesity_due_to_excess_calories	7	6	6	FALSE	0.857142857142857
age_smoking_initiation_gscan	tier1_008_varicose_veins	7	6	6	FALSE	0.857142857142857
age_smoking_initiation_gscan	tier1_009_conduction_disorders	7	6	6	FALSE	0.857142857142857
age_smoking_initiation_gscan	tier1_010_heart_failure_strict	7	6	6	FALSE	0.857142857142857
age_smoking_initiation_gscan	tier1_011_heart_failure_and_coronary_heart_disease	7	6	6	FALSE	0.857142857142857
age_smoking_initiation_gscan	tier1_012_hypotension	7	6	6	FALSE	0.857142857142857
age_smoking_initiation_gscan	tier1_013_unstable_angina_pectoris	7	6	6	FALSE	0.857142857142857
age_smoking_initiation_gscan	tier1_014_hernia	7	7	7	TRUE	1
age_smoking_initiation_gscan	tier1_015_diverticular_disease_of_intestine	7	6	6	FALSE	0.857142857142857
age_smoking_initiation_gscan	tier1_016_hernia_of_abdominal_wall	7	7	7	TRUE	1
age_smoking_initiation_gscan	tier1_017_inguinal_hernia	7	6	6	FALSE	0.857142857142857
age_smoking_initiation_gscan	tier1_018_cholelithiasis	7	7	7	TRUE	1
age_smoking_initiation_gscan	tier1_019_diaphragmatic_hernia	7	7	7	TRUE	1
age_smoking_initiation_gscan	tier1_020_obesity_related_asthma	7	6	6	FALSE	0.857142857142857
age_smoking_initiation_gscan	tier1_021_influenza_and_pneumonia	7	6	6	FALSE	0.857142857142857
age_smoking_initiation_gscan	tier1_022_asthma_related_pneumonia	7	6	6	FALSE	0.857142857142857
age_smoking_initiation_gscan	tier1_023_constipation	7	6	6	FALSE	0.857142857142857
age_smoking_initiation_gscan	tier1_024_other_gastritis_incl_duodenitis	7	7	7	TRUE	1
age_smoking_initiation_gscan	tier1_025_hernia_of_abdominal_wall_postoperative	7	7	7	TRUE	1
age_smoking_initiation_gscan	tier1_026_irritable_bowel_syndrome	7	6	6	FALSE	0.857142857142857
age_smoking_initiation_gscan	tier1_027_pleural_effusion	7	6	6	FALSE	0.857142857142857
age_smoking_initiation_gscan	tier1_028_gastric_ulcer	7	6	6	FALSE	0.857142857142857
age_smoking_initiation_gscan	tier1_029_noninflammatory_disorders_of_female_genital_tract	7	7	7	TRUE	1
age_smoking_initiation_gscan	tier1_030_hyperplasia_of_prostate	7	6	6	FALSE	0.857142857142857
age_smoking_initiation_gscan	tier1_031_renal_failure	7	6	6	FALSE	0.857142857142857
age_smoking_initiation_gscan	tier1_032_polyp_of_the_female_genital_tract	7	6	6	FALSE	0.857142857142857
age_smoking_initiation_gscan	tier1_033_postmenopausal_bleeding	7	6	6	FALSE	0.857142857142857
age_smoking_initiation_gscan	tier1_034_acute_renal_failure	7	6	6	FALSE	0.857142857142857
age_smoking_initiation_gscan	tier1_035_inflammatory_diseases_of_female_pelvic_organs	7	6	6	FALSE	0.857142857142857
age_smoking_initiation_gscan	tier1_036_ovarian_cyst	7	6	6	FALSE	0.857142857142857
age_smoking_initiation_gscan	tier1_037_low_back_pain	7	7	7	TRUE	1
age_smoking_initiation_gscan	tier1_038_disorders_of_synovium_and_tendon	7	6	6	FALSE	0.857142857142857
age_smoking_initiation_gscan	tier1_039_pain_in_joint	7	6	6	FALSE	0.857142857142857
age_smoking_initiation_gscan	tier1_040_osteoporosis	7	6	6	FALSE	0.857142857142857
age_smoking_initiation_gscan	tier1_041_pain_in_limb	7	6	6	FALSE	0.857142857142857
age_smoking_initiation_gscan	tier1_042_polyarthropathies	7	6	6	FALSE	0.857142857142857
age_smoking_initiation_gscan	tier1_043_rheumatoid_arthritis	7	6	6	FALSE	0.857142857142857
age_smoking_initiation_gscan	tier1_044_spinal_stenosis	7	6	6	FALSE	0.857142857142857
age_smoking_initiation_gscan	tier1_045_sleep_disorders_combined	7	6	6	FALSE	0.857142857142857
age_smoking_initiation_gscan	tier1_046_sleep_apnoea	7	6	6	FALSE	0.857142857142857
age_smoking_initiation_gscan	tier1_047_cardiac_arrhythmias	7	6	6	FALSE	0.857142857142857
age_smoking_initiation_gscan	tier1_048_pain_limb_back_neck_head_abdominally	7	7	7	TRUE	1
age_smoking_initiation_gscan	tier1_049_iron_deficiency_anaemia	7	6	6	FALSE	0.857142857142857
age_smoking_initiation_gscan	tier1_050_retention_of_urine	7	6	6	FALSE	0.857142857142857
age_smoking_initiation_gscan	tier1_051_senile_cataract	7	6	6	FALSE	0.857142857142857
age_smoking_initiation_gscan	tier1_052_other_disorders_of_eyelid	7	6	6	FALSE	0.857142857142857
age_smoking_initiation_gscan	tier1_053_glaucoma	7	6	6	FALSE	0.857142857142857
bmi_giant_eur	tier1_001_hypertension	77	74	73	FALSE	0.935897435897436
bmi_giant_eur	tier1_002_hypertension_essential	77	74	73	FALSE	0.935897435897436
bmi_giant_eur	tier1_003_ischaemic_heart_disease_wide_definition	77	73	72	FALSE	0.923076923076923
bmi_giant_eur	tier1_004_angina_pectoris	77	70	69	FALSE	0.884615384615385
bmi_giant_eur	tier1_005_atrial_fibrillation_and_flutter	77	65	64	FALSE	0.82051282051282
bmi_giant_eur	tier1_006_obesity	77	68	67	FALSE	0.858974358974359
bmi_giant_eur	tier1_007_obesity_due_to_excess_calories	77	68	67	FALSE	0.858974358974359
bmi_giant_eur	tier1_008_varicose_veins	77	69	68	FALSE	0.871794871794872
bmi_giant_eur	tier1_009_conduction_disorders	77	65	64	FALSE	0.82051282051282
bmi_giant_eur	tier1_010_heart_failure_strict	77	65	64	FALSE	0.82051282051282
bmi_giant_eur	tier1_011_heart_failure_and_coronary_heart_disease	77	65	64	FALSE	0.82051282051282
bmi_giant_eur	tier1_012_hypotension	77	65	64	FALSE	0.82051282051282
bmi_giant_eur	tier1_013_unstable_angina_pectoris	77	65	64	FALSE	0.82051282051282
bmi_giant_eur	tier1_014_hernia	77	73	72	FALSE	0.923076923076923
bmi_giant_eur	tier1_015_diverticular_disease_of_intestine	77	70	69	FALSE	0.884615384615385
bmi_giant_eur	tier1_016_hernia_of_abdominal_wall	77	73	72	FALSE	0.923076923076923
bmi_giant_eur	tier1_017_inguinal_hernia	77	68	67	FALSE	0.858974358974359
bmi_giant_eur	tier1_018_cholelithiasis	77	70	69	FALSE	0.884615384615385
bmi_giant_eur	tier1_019_diaphragmatic_hernia	77	73	72	FALSE	0.923076923076923
bmi_giant_eur	tier1_020_obesity_related_asthma	77	68	67	FALSE	0.858974358974359
bmi_giant_eur	tier1_021_influenza_and_pneumonia	77	68	67	FALSE	0.858974358974359
bmi_giant_eur	tier1_022_asthma_related_pneumonia	77	68	67	FALSE	0.858974358974359
bmi_giant_eur	tier1_023_constipation	77	68	67	FALSE	0.858974358974359
bmi_giant_eur	tier1_024_other_gastritis_incl_duodenitis	77	73	72	FALSE	0.923076923076923
bmi_giant_eur	tier1_025_hernia_of_abdominal_wall_postoperative	77	73	72	FALSE	0.923076923076923
bmi_giant_eur	tier1_026_irritable_bowel_syndrome	77	65	64	FALSE	0.82051282051282
bmi_giant_eur	tier1_027_pleural_effusion	77	65	64	FALSE	0.82051282051282
bmi_giant_eur	tier1_028_gastric_ulcer	77	65	64	FALSE	0.82051282051282
bmi_giant_eur	tier1_029_noninflammatory_disorders_of_female_genital_tract	77	73	72	FALSE	0.923076923076923
bmi_giant_eur	tier1_030_hyperplasia_of_prostate	77	65	64	FALSE	0.82051282051282
bmi_giant_eur	tier1_031_renal_failure	77	65	64	FALSE	0.82051282051282
bmi_giant_eur	tier1_032_polyp_of_the_female_genital_tract	77	68	67	FALSE	0.858974358974359
bmi_giant_eur	tier1_033_postmenopausal_bleeding	77	68	67	FALSE	0.858974358974359
bmi_giant_eur	tier1_034_acute_renal_failure	77	65	64	FALSE	0.82051282051282
bmi_giant_eur	tier1_035_inflammatory_diseases_of_female_pelvic_organs	72	68	62	FALSE	0.794871794871795
bmi_giant_eur	tier1_036_ovarian_cyst	77	65	64	FALSE	0.82051282051282
bmi_giant_eur	tier1_037_low_back_pain	77	73	72	FALSE	0.923076923076923
bmi_giant_eur	tier1_038_disorders_of_synovium_and_tendon	77	68	67	FALSE	0.858974358974359
bmi_giant_eur	tier1_039_pain_in_joint	77	65	64	FALSE	0.82051282051282
bmi_giant_eur	tier1_040_osteoporosis	77	65	64	FALSE	0.82051282051282
bmi_giant_eur	tier1_041_pain_in_limb	77	65	64	FALSE	0.82051282051282
bmi_giant_eur	tier1_042_polyarthropathies	77	69	68	FALSE	0.871794871794872
bmi_giant_eur	tier1_043_rheumatoid_arthritis	77	65	64	FALSE	0.82051282051282
bmi_giant_eur	tier1_044_spinal_stenosis	77	65	64	FALSE	0.82051282051282
bmi_giant_eur	tier1_045_sleep_disorders_combined	77	70	69	FALSE	0.884615384615385
bmi_giant_eur	tier1_046_sleep_apnoea	77	68	67	FALSE	0.858974358974359
bmi_giant_eur	tier1_047_cardiac_arrhythmias	77	70	69	FALSE	0.884615384615385
bmi_giant_eur	tier1_048_pain_limb_back_neck_head_abdominally	77	73	72	FALSE	0.923076923076923
bmi_giant_eur	tier1_049_iron_deficiency_anaemia	77	68	67	FALSE	0.858974358974359
bmi_giant_eur	tier1_050_retention_of_urine	77	65	64	FALSE	0.82051282051282
bmi_giant_eur	tier1_051_senile_cataract	77	68	67	FALSE	0.858974358974359
bmi_giant_eur	tier1_052_other_disorders_of_eyelid	77	65	64	FALSE	0.82051282051282
bmi_giant_eur	tier1_053_glaucoma	77	65	64	FALSE	0.82051282051282
bun_ckdgen_ea	tier1_001_hypertension	54	51	51	FALSE	0.944444444444444
bun_ckdgen_ea	tier1_002_hypertension_essential	54	51	51	FALSE	0.944444444444444
bun_ckdgen_ea	tier1_003_ischaemic_heart_disease_wide_definition	54	51	51	FALSE	0.944444444444444
bun_ckdgen_ea	tier1_004_angina_pectoris	54	49	49	FALSE	0.907407407407407
bun_ckdgen_ea	tier1_005_atrial_fibrillation_and_flutter	54	45	45	FALSE	0.833333333333333
bun_ckdgen_ea	tier1_006_obesity	54	49	49	FALSE	0.907407407407407
bun_ckdgen_ea	tier1_007_obesity_due_to_excess_calories	54	49	49	FALSE	0.907407407407407
bun_ckdgen_ea	tier1_008_varicose_veins	54	49	49	FALSE	0.907407407407407
bun_ckdgen_ea	tier1_009_conduction_disorders	54	45	45	FALSE	0.833333333333333
bun_ckdgen_ea	tier1_010_heart_failure_strict	54	45	45	FALSE	0.833333333333333
bun_ckdgen_ea	tier1_011_heart_failure_and_coronary_heart_disease	54	45	45	FALSE	0.833333333333333
bun_ckdgen_ea	tier1_012_hypotension	54	45	45	FALSE	0.833333333333333
bun_ckdgen_ea	tier1_013_unstable_angina_pectoris	54	45	45	FALSE	0.833333333333333
bun_ckdgen_ea	tier1_014_hernia	54	50	50	FALSE	0.925925925925926
bun_ckdgen_ea	tier1_015_diverticular_disease_of_intestine	54	49	49	FALSE	0.907407407407407
bun_ckdgen_ea	tier1_016_hernia_of_abdominal_wall	54	50	50	FALSE	0.925925925925926
bun_ckdgen_ea	tier1_017_inguinal_hernia	53	49	48	FALSE	0.888888888888889
bun_ckdgen_ea	tier1_018_cholelithiasis	54	49	49	FALSE	0.907407407407407
bun_ckdgen_ea	tier1_019_diaphragmatic_hernia	54	51	51	FALSE	0.944444444444444
bun_ckdgen_ea	tier1_020_obesity_related_asthma	54	49	49	FALSE	0.907407407407407
bun_ckdgen_ea	tier1_021_influenza_and_pneumonia	54	47	47	FALSE	0.87037037037037
bun_ckdgen_ea	tier1_022_asthma_related_pneumonia	54	47	47	FALSE	0.87037037037037
bun_ckdgen_ea	tier1_023_constipation	54	47	47	FALSE	0.87037037037037
bun_ckdgen_ea	tier1_024_other_gastritis_incl_duodenitis	54	50	50	FALSE	0.925925925925926
bun_ckdgen_ea	tier1_025_hernia_of_abdominal_wall_postoperative	54	50	50	FALSE	0.925925925925926
bun_ckdgen_ea	tier1_026_irritable_bowel_syndrome	54	45	45	FALSE	0.833333333333333
bun_ckdgen_ea	tier1_027_pleural_effusion	54	45	45	FALSE	0.833333333333333
bun_ckdgen_ea	tier1_028_gastric_ulcer	54	45	45	FALSE	0.833333333333333
bun_ckdgen_ea	tier1_029_noninflammatory_disorders_of_female_genital_tract	54	50	50	FALSE	0.925925925925926
bun_ckdgen_ea	tier1_030_hyperplasia_of_prostate	54	45	45	FALSE	0.833333333333333
bun_ckdgen_ea	tier1_031_renal_failure	54	45	45	FALSE	0.833333333333333
bun_ckdgen_ea	tier1_032_polyp_of_the_female_genital_tract	53	47	46	FALSE	0.851851851851852
bun_ckdgen_ea	tier1_033_postmenopausal_bleeding	54	47	47	FALSE	0.87037037037037
bun_ckdgen_ea	tier1_034_acute_renal_failure	54	45	45	FALSE	0.833333333333333
bun_ckdgen_ea	tier1_035_inflammatory_diseases_of_female_pelvic_organs	52	47	45	FALSE	0.833333333333333
bun_ckdgen_ea	tier1_036_ovarian_cyst	54	45	45	FALSE	0.833333333333333
bun_ckdgen_ea	tier1_037_low_back_pain	54	50	50	FALSE	0.925925925925926
bun_ckdgen_ea	tier1_038_disorders_of_synovium_and_tendon	54	47	47	FALSE	0.87037037037037
bun_ckdgen_ea	tier1_039_pain_in_joint	54	45	45	FALSE	0.833333333333333
bun_ckdgen_ea	tier1_040_osteoporosis	54	45	45	FALSE	0.833333333333333
bun_ckdgen_ea	tier1_041_pain_in_limb	54	45	45	FALSE	0.833333333333333
bun_ckdgen_ea	tier1_042_polyarthropathies	54	49	49	FALSE	0.907407407407407
bun_ckdgen_ea	tier1_043_rheumatoid_arthritis	54	45	45	FALSE	0.833333333333333
bun_ckdgen_ea	tier1_044_spinal_stenosis	54	45	45	FALSE	0.833333333333333
bun_ckdgen_ea	tier1_045_sleep_disorders_combined	54	49	49	FALSE	0.907407407407407
bun_ckdgen_ea	tier1_046_sleep_apnoea	54	49	49	FALSE	0.907407407407407
bun_ckdgen_ea	tier1_047_cardiac_arrhythmias	54	49	49	FALSE	0.907407407407407
bun_ckdgen_ea	tier1_048_pain_limb_back_neck_head_abdominally	54	50	50	FALSE	0.925925925925926
bun_ckdgen_ea	tier1_049_iron_deficiency_anaemia	54	49	49	FALSE	0.907407407407407
bun_ckdgen_ea	tier1_050_retention_of_urine	54	45	45	FALSE	0.833333333333333
bun_ckdgen_ea	tier1_051_senile_cataract	54	47	47	FALSE	0.87037037037037
bun_ckdgen_ea	tier1_052_other_disorders_of_eyelid	54	45	45	FALSE	0.833333333333333
bun_ckdgen_ea	tier1_053_glaucoma	54	45	45	FALSE	0.833333333333333
cigarettes_per_day_gscan	tier1_001_hypertension	21	17	17	FALSE	0.80952380952381
cigarettes_per_day_gscan	tier1_002_hypertension_essential	21	17	17	FALSE	0.80952380952381
cigarettes_per_day_gscan	tier1_003_ischaemic_heart_disease_wide_definition	21	17	17	FALSE	0.80952380952381
cigarettes_per_day_gscan	tier1_004_angina_pectoris	21	16	16	FALSE	0.761904761904762
cigarettes_per_day_gscan	tier1_005_atrial_fibrillation_and_flutter	21	15	15	FALSE	0.714285714285714
cigarettes_per_day_gscan	tier1_006_obesity	21	16	16	FALSE	0.761904761904762
cigarettes_per_day_gscan	tier1_007_obesity_due_to_excess_calories	21	16	16	FALSE	0.761904761904762
cigarettes_per_day_gscan	tier1_008_varicose_veins	21	16	16	FALSE	0.761904761904762
cigarettes_per_day_gscan	tier1_009_conduction_disorders	21	14	14	FALSE	0.666666666666667
cigarettes_per_day_gscan	tier1_010_heart_failure_strict	21	14	14	FALSE	0.666666666666667
cigarettes_per_day_gscan	tier1_011_heart_failure_and_coronary_heart_disease	21	14	14	FALSE	0.666666666666667
cigarettes_per_day_gscan	tier1_012_hypotension	21	14	14	FALSE	0.666666666666667
cigarettes_per_day_gscan	tier1_013_unstable_angina_pectoris	21	14	14	FALSE	0.666666666666667
cigarettes_per_day_gscan	tier1_014_hernia	21	16	16	FALSE	0.761904761904762
cigarettes_per_day_gscan	tier1_015_diverticular_disease_of_intestine	21	16	16	FALSE	0.761904761904762
cigarettes_per_day_gscan	tier1_016_hernia_of_abdominal_wall	21	16	16	FALSE	0.761904761904762
cigarettes_per_day_gscan	tier1_017_inguinal_hernia	21	16	16	FALSE	0.761904761904762
cigarettes_per_day_gscan	tier1_018_cholelithiasis	21	16	16	FALSE	0.761904761904762
cigarettes_per_day_gscan	tier1_019_diaphragmatic_hernia	21	17	17	FALSE	0.80952380952381
cigarettes_per_day_gscan	tier1_020_obesity_related_asthma	21	16	16	FALSE	0.761904761904762
cigarettes_per_day_gscan	tier1_021_influenza_and_pneumonia	21	16	16	FALSE	0.761904761904762
cigarettes_per_day_gscan	tier1_022_asthma_related_pneumonia	21	16	16	FALSE	0.761904761904762
cigarettes_per_day_gscan	tier1_023_constipation	21	16	16	FALSE	0.761904761904762
cigarettes_per_day_gscan	tier1_024_other_gastritis_incl_duodenitis	21	16	16	FALSE	0.761904761904762
cigarettes_per_day_gscan	tier1_025_hernia_of_abdominal_wall_postoperative	21	16	16	FALSE	0.761904761904762
cigarettes_per_day_gscan	tier1_026_irritable_bowel_syndrome	21	14	14	FALSE	0.666666666666667
cigarettes_per_day_gscan	tier1_027_pleural_effusion	21	14	14	FALSE	0.666666666666667
cigarettes_per_day_gscan	tier1_028_gastric_ulcer	21	14	14	FALSE	0.666666666666667
cigarettes_per_day_gscan	tier1_029_noninflammatory_disorders_of_female_genital_tract	21	16	16	FALSE	0.761904761904762
cigarettes_per_day_gscan	tier1_030_hyperplasia_of_prostate	21	15	15	FALSE	0.714285714285714
cigarettes_per_day_gscan	tier1_031_renal_failure	21	15	15	FALSE	0.714285714285714
cigarettes_per_day_gscan	tier1_032_polyp_of_the_female_genital_tract	20	16	15	FALSE	0.714285714285714
cigarettes_per_day_gscan	tier1_033_postmenopausal_bleeding	21	16	16	FALSE	0.761904761904762
cigarettes_per_day_gscan	tier1_034_acute_renal_failure	21	15	15	FALSE	0.714285714285714
cigarettes_per_day_gscan	tier1_035_inflammatory_diseases_of_female_pelvic_organs	18	16	14	FALSE	0.7
cigarettes_per_day_gscan	tier1_036_ovarian_cyst	21	14	14	FALSE	0.666666666666667
cigarettes_per_day_gscan	tier1_037_low_back_pain	21	16	16	FALSE	0.761904761904762
cigarettes_per_day_gscan	tier1_038_disorders_of_synovium_and_tendon	21	16	16	FALSE	0.761904761904762
cigarettes_per_day_gscan	tier1_039_pain_in_joint	21	15	15	FALSE	0.714285714285714
cigarettes_per_day_gscan	tier1_040_osteoporosis	21	14	14	FALSE	0.666666666666667
cigarettes_per_day_gscan	tier1_041_pain_in_limb	21	15	15	FALSE	0.714285714285714
cigarettes_per_day_gscan	tier1_042_polyarthropathies	21	16	16	FALSE	0.761904761904762
cigarettes_per_day_gscan	tier1_043_rheumatoid_arthritis	21	14	14	FALSE	0.666666666666667
cigarettes_per_day_gscan	tier1_044_spinal_stenosis	21	14	14	FALSE	0.666666666666667
cigarettes_per_day_gscan	tier1_045_sleep_disorders_combined	21	16	16	FALSE	0.761904761904762
cigarettes_per_day_gscan	tier1_046_sleep_apnoea	21	16	16	FALSE	0.761904761904762
cigarettes_per_day_gscan	tier1_047_cardiac_arrhythmias	21	16	16	FALSE	0.761904761904762
cigarettes_per_day_gscan	tier1_048_pain_limb_back_neck_head_abdominally	21	16	16	FALSE	0.761904761904762
cigarettes_per_day_gscan	tier1_049_iron_deficiency_anaemia	21	16	16	FALSE	0.761904761904762
cigarettes_per_day_gscan	tier1_050_retention_of_urine	21	14	14	FALSE	0.666666666666667
cigarettes_per_day_gscan	tier1_051_senile_cataract	21	16	16	FALSE	0.761904761904762
cigarettes_per_day_gscan	tier1_052_other_disorders_of_eyelid	21	14	14	FALSE	0.666666666666667
cigarettes_per_day_gscan	tier1_053_glaucoma	21	15	15	FALSE	0.714285714285714
ckd_liability_ckdgen_ea	tier1_001_hypertension	18	19	18	FALSE	0.947368421052632
ckd_liability_ckdgen_ea	tier1_002_hypertension_essential	18	19	18	FALSE	0.947368421052632
ckd_liability_ckdgen_ea	tier1_003_ischaemic_heart_disease_wide_definition	18	19	18	FALSE	0.947368421052632
ckd_liability_ckdgen_ea	tier1_004_angina_pectoris	18	19	18	FALSE	0.947368421052632
ckd_liability_ckdgen_ea	tier1_005_atrial_fibrillation_and_flutter	18	19	18	FALSE	0.947368421052632
ckd_liability_ckdgen_ea	tier1_006_obesity	18	19	18	FALSE	0.947368421052632
ckd_liability_ckdgen_ea	tier1_007_obesity_due_to_excess_calories	18	19	18	FALSE	0.947368421052632
ckd_liability_ckdgen_ea	tier1_008_varicose_veins	18	19	18	FALSE	0.947368421052632
ckd_liability_ckdgen_ea	tier1_009_conduction_disorders	18	19	18	FALSE	0.947368421052632
ckd_liability_ckdgen_ea	tier1_010_heart_failure_strict	18	19	18	FALSE	0.947368421052632
ckd_liability_ckdgen_ea	tier1_011_heart_failure_and_coronary_heart_disease	18	19	18	FALSE	0.947368421052632
ckd_liability_ckdgen_ea	tier1_012_hypotension	18	19	18	FALSE	0.947368421052632
ckd_liability_ckdgen_ea	tier1_013_unstable_angina_pectoris	18	19	18	FALSE	0.947368421052632
ckd_liability_ckdgen_ea	tier1_014_hernia	18	19	18	FALSE	0.947368421052632
ckd_liability_ckdgen_ea	tier1_015_diverticular_disease_of_intestine	18	19	18	FALSE	0.947368421052632
ckd_liability_ckdgen_ea	tier1_016_hernia_of_abdominal_wall	18	19	18	FALSE	0.947368421052632
ckd_liability_ckdgen_ea	tier1_017_inguinal_hernia	18	19	18	FALSE	0.947368421052632
ckd_liability_ckdgen_ea	tier1_018_cholelithiasis	18	19	18	FALSE	0.947368421052632
ckd_liability_ckdgen_ea	tier1_019_diaphragmatic_hernia	18	19	18	FALSE	0.947368421052632
ckd_liability_ckdgen_ea	tier1_020_obesity_related_asthma	17	19	17	FALSE	0.894736842105263
ckd_liability_ckdgen_ea	tier1_021_influenza_and_pneumonia	18	19	18	FALSE	0.947368421052632
ckd_liability_ckdgen_ea	tier1_022_asthma_related_pneumonia	18	19	18	FALSE	0.947368421052632
ckd_liability_ckdgen_ea	tier1_023_constipation	18	19	18	FALSE	0.947368421052632
ckd_liability_ckdgen_ea	tier1_024_other_gastritis_incl_duodenitis	18	19	18	FALSE	0.947368421052632
ckd_liability_ckdgen_ea	tier1_025_hernia_of_abdominal_wall_postoperative	18	19	18	FALSE	0.947368421052632
ckd_liability_ckdgen_ea	tier1_026_irritable_bowel_syndrome	18	19	18	FALSE	0.947368421052632
ckd_liability_ckdgen_ea	tier1_027_pleural_effusion	18	19	18	FALSE	0.947368421052632
ckd_liability_ckdgen_ea	tier1_028_gastric_ulcer	18	19	18	FALSE	0.947368421052632
ckd_liability_ckdgen_ea	tier1_029_noninflammatory_disorders_of_female_genital_tract	18	19	18	FALSE	0.947368421052632
ckd_liability_ckdgen_ea	tier1_030_hyperplasia_of_prostate	18	19	18	FALSE	0.947368421052632
ckd_liability_ckdgen_ea	tier1_031_renal_failure	18	19	18	FALSE	0.947368421052632
ckd_liability_ckdgen_ea	tier1_032_polyp_of_the_female_genital_tract	18	19	18	FALSE	0.947368421052632
ckd_liability_ckdgen_ea	tier1_033_postmenopausal_bleeding	18	19	18	FALSE	0.947368421052632
ckd_liability_ckdgen_ea	tier1_034_acute_renal_failure	18	19	18	FALSE	0.947368421052632
ckd_liability_ckdgen_ea	tier1_035_inflammatory_diseases_of_female_pelvic_organs	17	19	17	FALSE	0.894736842105263
ckd_liability_ckdgen_ea	tier1_036_ovarian_cyst	18	19	18	FALSE	0.947368421052632
ckd_liability_ckdgen_ea	tier1_037_low_back_pain	18	19	18	FALSE	0.947368421052632
ckd_liability_ckdgen_ea	tier1_038_disorders_of_synovium_and_tendon	18	19	18	FALSE	0.947368421052632
ckd_liability_ckdgen_ea	tier1_039_pain_in_joint	18	19	18	FALSE	0.947368421052632
ckd_liability_ckdgen_ea	tier1_040_osteoporosis	18	19	18	FALSE	0.947368421052632
ckd_liability_ckdgen_ea	tier1_041_pain_in_limb	18	19	18	FALSE	0.947368421052632
ckd_liability_ckdgen_ea	tier1_042_polyarthropathies	18	19	18	FALSE	0.947368421052632
ckd_liability_ckdgen_ea	tier1_043_rheumatoid_arthritis	18	19	18	FALSE	0.947368421052632
ckd_liability_ckdgen_ea	tier1_044_spinal_stenosis	18	19	18	FALSE	0.947368421052632
ckd_liability_ckdgen_ea	tier1_045_sleep_disorders_combined	18	19	18	FALSE	0.947368421052632
ckd_liability_ckdgen_ea	tier1_046_sleep_apnoea	18	19	18	FALSE	0.947368421052632
ckd_liability_ckdgen_ea	tier1_047_cardiac_arrhythmias	18	19	18	FALSE	0.947368421052632
ckd_liability_ckdgen_ea	tier1_048_pain_limb_back_neck_head_abdominally	18	19	18	FALSE	0.947368421052632
ckd_liability_ckdgen_ea	tier1_049_iron_deficiency_anaemia	18	19	18	FALSE	0.947368421052632
ckd_liability_ckdgen_ea	tier1_050_retention_of_urine	18	19	18	FALSE	0.947368421052632
ckd_liability_ckdgen_ea	tier1_051_senile_cataract	18	19	18	FALSE	0.947368421052632
ckd_liability_ckdgen_ea	tier1_052_other_disorders_of_eyelid	18	19	18	FALSE	0.947368421052632
ckd_liability_ckdgen_ea	tier1_053_glaucoma	18	19	18	FALSE	0.947368421052632
drinks_per_week_gscan	tier1_001_hypertension	29	24	24	FALSE	0.827586206896552
drinks_per_week_gscan	tier1_002_hypertension_essential	29	24	24	FALSE	0.827586206896552
drinks_per_week_gscan	tier1_003_ischaemic_heart_disease_wide_definition	29	24	24	FALSE	0.827586206896552
drinks_per_week_gscan	tier1_004_angina_pectoris	29	24	24	FALSE	0.827586206896552
drinks_per_week_gscan	tier1_005_atrial_fibrillation_and_flutter	29	22	22	FALSE	0.758620689655172
drinks_per_week_gscan	tier1_006_obesity	29	23	23	FALSE	0.793103448275862
drinks_per_week_gscan	tier1_007_obesity_due_to_excess_calories	29	23	23	FALSE	0.793103448275862
drinks_per_week_gscan	tier1_008_varicose_veins	29	23	23	FALSE	0.793103448275862
drinks_per_week_gscan	tier1_009_conduction_disorders	29	22	22	FALSE	0.758620689655172
drinks_per_week_gscan	tier1_010_heart_failure_strict	29	22	22	FALSE	0.758620689655172
drinks_per_week_gscan	tier1_011_heart_failure_and_coronary_heart_disease	29	22	22	FALSE	0.758620689655172
drinks_per_week_gscan	tier1_012_hypotension	29	22	22	FALSE	0.758620689655172
drinks_per_week_gscan	tier1_013_unstable_angina_pectoris	29	22	22	FALSE	0.758620689655172
drinks_per_week_gscan	tier1_014_hernia	29	24	24	FALSE	0.827586206896552
drinks_per_week_gscan	tier1_015_diverticular_disease_of_intestine	29	24	24	FALSE	0.827586206896552
drinks_per_week_gscan	tier1_016_hernia_of_abdominal_wall	29	24	24	FALSE	0.827586206896552
drinks_per_week_gscan	tier1_017_inguinal_hernia	29	24	24	FALSE	0.827586206896552
drinks_per_week_gscan	tier1_018_cholelithiasis	29	23	23	FALSE	0.793103448275862
drinks_per_week_gscan	tier1_019_diaphragmatic_hernia	29	23	23	FALSE	0.793103448275862
drinks_per_week_gscan	tier1_020_obesity_related_asthma	29	23	23	FALSE	0.793103448275862
drinks_per_week_gscan	tier1_021_influenza_and_pneumonia	29	23	23	FALSE	0.793103448275862
drinks_per_week_gscan	tier1_022_asthma_related_pneumonia	29	23	23	FALSE	0.793103448275862
drinks_per_week_gscan	tier1_023_constipation	29	22	22	FALSE	0.758620689655172
drinks_per_week_gscan	tier1_024_other_gastritis_incl_duodenitis	29	24	24	FALSE	0.827586206896552
drinks_per_week_gscan	tier1_025_hernia_of_abdominal_wall_postoperative	29	24	24	FALSE	0.827586206896552
drinks_per_week_gscan	tier1_026_irritable_bowel_syndrome	29	22	22	FALSE	0.758620689655172
drinks_per_week_gscan	tier1_027_pleural_effusion	29	22	22	FALSE	0.758620689655172
drinks_per_week_gscan	tier1_028_gastric_ulcer	29	22	22	FALSE	0.758620689655172
drinks_per_week_gscan	tier1_029_noninflammatory_disorders_of_female_genital_tract	29	24	24	FALSE	0.827586206896552
drinks_per_week_gscan	tier1_030_hyperplasia_of_prostate	29	22	22	FALSE	0.758620689655172
drinks_per_week_gscan	tier1_031_renal_failure	29	22	22	FALSE	0.758620689655172
drinks_per_week_gscan	tier1_032_polyp_of_the_female_genital_tract	29	23	23	FALSE	0.793103448275862
drinks_per_week_gscan	tier1_033_postmenopausal_bleeding	29	22	22	FALSE	0.758620689655172
drinks_per_week_gscan	tier1_034_acute_renal_failure	29	22	22	FALSE	0.758620689655172
drinks_per_week_gscan	tier1_035_inflammatory_diseases_of_female_pelvic_organs	26	23	21	FALSE	0.75
drinks_per_week_gscan	tier1_036_ovarian_cyst	29	22	22	FALSE	0.758620689655172
drinks_per_week_gscan	tier1_037_low_back_pain	29	24	24	FALSE	0.827586206896552
drinks_per_week_gscan	tier1_038_disorders_of_synovium_and_tendon	29	23	23	FALSE	0.793103448275862
drinks_per_week_gscan	tier1_039_pain_in_joint	29	22	22	FALSE	0.758620689655172
drinks_per_week_gscan	tier1_040_osteoporosis	29	22	22	FALSE	0.758620689655172
drinks_per_week_gscan	tier1_041_pain_in_limb	29	22	22	FALSE	0.758620689655172
drinks_per_week_gscan	tier1_042_polyarthropathies	29	24	24	FALSE	0.827586206896552
drinks_per_week_gscan	tier1_043_rheumatoid_arthritis	29	22	22	FALSE	0.758620689655172
drinks_per_week_gscan	tier1_044_spinal_stenosis	29	22	22	FALSE	0.758620689655172
drinks_per_week_gscan	tier1_045_sleep_disorders_combined	29	23	23	FALSE	0.793103448275862
drinks_per_week_gscan	tier1_046_sleep_apnoea	29	23	23	FALSE	0.793103448275862
drinks_per_week_gscan	tier1_047_cardiac_arrhythmias	29	24	24	FALSE	0.827586206896552
drinks_per_week_gscan	tier1_048_pain_limb_back_neck_head_abdominally	29	24	24	FALSE	0.827586206896552
drinks_per_week_gscan	tier1_049_iron_deficiency_anaemia	29	23	23	FALSE	0.793103448275862
drinks_per_week_gscan	tier1_050_retention_of_urine	29	22	22	FALSE	0.758620689655172
drinks_per_week_gscan	tier1_051_senile_cataract	29	22	22	FALSE	0.758620689655172
drinks_per_week_gscan	tier1_052_other_disorders_of_eyelid	29	22	22	FALSE	0.758620689655172
drinks_per_week_gscan	tier1_053_glaucoma	29	22	22	FALSE	0.758620689655172
egfr_ckdgen_ea	tier1_001_hypertension	113	109	106	FALSE	0.913793103448276
egfr_ckdgen_ea	tier1_002_hypertension_essential	113	109	106	FALSE	0.913793103448276
egfr_ckdgen_ea	tier1_003_ischaemic_heart_disease_wide_definition	113	109	106	FALSE	0.913793103448276
egfr_ckdgen_ea	tier1_004_angina_pectoris	113	103	100	FALSE	0.862068965517241
egfr_ckdgen_ea	tier1_005_atrial_fibrillation_and_flutter	113	98	95	FALSE	0.818965517241379
egfr_ckdgen_ea	tier1_006_obesity	113	101	98	FALSE	0.844827586206897
egfr_ckdgen_ea	tier1_007_obesity_due_to_excess_calories	113	101	98	FALSE	0.844827586206897
egfr_ckdgen_ea	tier1_008_varicose_veins	113	102	99	FALSE	0.853448275862069
egfr_ckdgen_ea	tier1_009_conduction_disorders	113	99	96	FALSE	0.827586206896552
egfr_ckdgen_ea	tier1_010_heart_failure_strict	113	98	95	FALSE	0.818965517241379
egfr_ckdgen_ea	tier1_011_heart_failure_and_coronary_heart_disease	113	98	95	FALSE	0.818965517241379
egfr_ckdgen_ea	tier1_012_hypotension	113	98	96	FALSE	0.834782608695652
egfr_ckdgen_ea	tier1_013_unstable_angina_pectoris	113	98	95	FALSE	0.818965517241379
egfr_ckdgen_ea	tier1_014_hernia	113	108	105	FALSE	0.905172413793103
egfr_ckdgen_ea	tier1_015_diverticular_disease_of_intestine	113	102	99	FALSE	0.853448275862069
egfr_ckdgen_ea	tier1_016_hernia_of_abdominal_wall	113	108	105	FALSE	0.905172413793103
egfr_ckdgen_ea	tier1_017_inguinal_hernia	113	101	98	FALSE	0.844827586206897
egfr_ckdgen_ea	tier1_018_cholelithiasis	113	104	101	FALSE	0.870689655172414
egfr_ckdgen_ea	tier1_019_diaphragmatic_hernia	113	108	105	FALSE	0.905172413793103
egfr_ckdgen_ea	tier1_020_obesity_related_asthma	112	101	97	FALSE	0.836206896551724
egfr_ckdgen_ea	tier1_021_influenza_and_pneumonia	113	100	97	FALSE	0.836206896551724
egfr_ckdgen_ea	tier1_022_asthma_related_pneumonia	113	100	97	FALSE	0.836206896551724
egfr_ckdgen_ea	tier1_023_constipation	113	100	97	FALSE	0.836206896551724
egfr_ckdgen_ea	tier1_024_other_gastritis_incl_duodenitis	113	108	105	FALSE	0.905172413793103
egfr_ckdgen_ea	tier1_025_hernia_of_abdominal_wall_postoperative	113	108	105	FALSE	0.905172413793103
egfr_ckdgen_ea	tier1_026_irritable_bowel_syndrome	113	97	95	FALSE	0.826086956521739
egfr_ckdgen_ea	tier1_027_pleural_effusion	113	99	96	FALSE	0.827586206896552
egfr_ckdgen_ea	tier1_028_gastric_ulcer	113	99	96	FALSE	0.827586206896552
egfr_ckdgen_ea	tier1_029_noninflammatory_disorders_of_female_genital_tract	113	108	105	FALSE	0.905172413793103
egfr_ckdgen_ea	tier1_030_hyperplasia_of_prostate	113	99	96	FALSE	0.827586206896552
egfr_ckdgen_ea	tier1_031_renal_failure	113	97	95	FALSE	0.826086956521739
egfr_ckdgen_ea	tier1_032_polyp_of_the_female_genital_tract	113	100	97	FALSE	0.836206896551724
egfr_ckdgen_ea	tier1_033_postmenopausal_bleeding	113	100	97	FALSE	0.836206896551724
egfr_ckdgen_ea	tier1_034_acute_renal_failure	113	98	96	FALSE	0.834782608695652
egfr_ckdgen_ea	tier1_035_inflammatory_diseases_of_female_pelvic_organs	109	101	95	FALSE	0.826086956521739
egfr_ckdgen_ea	tier1_036_ovarian_cyst	113	98	96	FALSE	0.834782608695652
egfr_ckdgen_ea	tier1_037_low_back_pain	113	108	105	FALSE	0.905172413793103
egfr_ckdgen_ea	tier1_038_disorders_of_synovium_and_tendon	113	100	97	FALSE	0.836206896551724
egfr_ckdgen_ea	tier1_039_pain_in_joint	113	99	96	FALSE	0.827586206896552
egfr_ckdgen_ea	tier1_040_osteoporosis	113	98	95	FALSE	0.818965517241379
egfr_ckdgen_ea	tier1_041_pain_in_limb	113	98	95	FALSE	0.818965517241379
egfr_ckdgen_ea	tier1_042_polyarthropathies	113	101	98	FALSE	0.844827586206897
egfr_ckdgen_ea	tier1_043_rheumatoid_arthritis	113	98	95	FALSE	0.818965517241379
egfr_ckdgen_ea	tier1_044_spinal_stenosis	113	98	95	FALSE	0.818965517241379
egfr_ckdgen_ea	tier1_045_sleep_disorders_combined	113	103	101	FALSE	0.878260869565217
egfr_ckdgen_ea	tier1_046_sleep_apnoea	113	101	99	FALSE	0.860869565217391
egfr_ckdgen_ea	tier1_047_cardiac_arrhythmias	113	103	100	FALSE	0.862068965517241
egfr_ckdgen_ea	tier1_048_pain_limb_back_neck_head_abdominally	113	108	105	FALSE	0.905172413793103
egfr_ckdgen_ea	tier1_049_iron_deficiency_anaemia	113	101	98	FALSE	0.844827586206897
egfr_ckdgen_ea	tier1_050_retention_of_urine	113	99	96	FALSE	0.827586206896552
egfr_ckdgen_ea	tier1_051_senile_cataract	113	101	98	FALSE	0.844827586206897
egfr_ckdgen_ea	tier1_052_other_disorders_of_eyelid	113	99	96	FALSE	0.827586206896552
egfr_ckdgen_ea	tier1_053_glaucoma	113	100	97	FALSE	0.836206896551724
fasting_glucose_bmiadj	tier1_001_hypertension	24	24	24	TRUE	1
fasting_glucose_bmiadj	tier1_002_hypertension_essential	24	24	24	TRUE	1
fasting_glucose_bmiadj	tier1_003_ischaemic_heart_disease_wide_definition	24	24	24	TRUE	1
fasting_glucose_bmiadj	tier1_004_angina_pectoris	24	24	24	TRUE	1
fasting_glucose_bmiadj	tier1_005_atrial_fibrillation_and_flutter	24	24	24	TRUE	1
fasting_glucose_bmiadj	tier1_006_obesity	24	24	24	TRUE	1
fasting_glucose_bmiadj	tier1_007_obesity_due_to_excess_calories	24	24	24	TRUE	1
fasting_glucose_bmiadj	tier1_008_varicose_veins	24	24	24	TRUE	1
fasting_glucose_bmiadj	tier1_009_conduction_disorders	24	24	24	TRUE	1
fasting_glucose_bmiadj	tier1_010_heart_failure_strict	24	24	24	TRUE	1
fasting_glucose_bmiadj	tier1_011_heart_failure_and_coronary_heart_disease	24	24	24	TRUE	1
fasting_glucose_bmiadj	tier1_012_hypotension	24	24	24	TRUE	1
fasting_glucose_bmiadj	tier1_013_unstable_angina_pectoris	24	24	24	TRUE	1
fasting_glucose_bmiadj	tier1_014_hernia	24	24	24	TRUE	1
fasting_glucose_bmiadj	tier1_015_diverticular_disease_of_intestine	24	24	24	TRUE	1
fasting_glucose_bmiadj	tier1_016_hernia_of_abdominal_wall	24	24	24	TRUE	1
fasting_glucose_bmiadj	tier1_017_inguinal_hernia	24	24	24	TRUE	1
fasting_glucose_bmiadj	tier1_018_cholelithiasis	24	24	24	TRUE	1
fasting_glucose_bmiadj	tier1_019_diaphragmatic_hernia	24	24	24	TRUE	1
fasting_glucose_bmiadj	tier1_020_obesity_related_asthma	24	24	24	TRUE	1
fasting_glucose_bmiadj	tier1_021_influenza_and_pneumonia	24	24	24	TRUE	1
fasting_glucose_bmiadj	tier1_022_asthma_related_pneumonia	24	24	24	TRUE	1
fasting_glucose_bmiadj	tier1_023_constipation	24	24	24	TRUE	1
fasting_glucose_bmiadj	tier1_024_other_gastritis_incl_duodenitis	24	24	24	TRUE	1
fasting_glucose_bmiadj	tier1_025_hernia_of_abdominal_wall_postoperative	24	24	24	TRUE	1
fasting_glucose_bmiadj	tier1_026_irritable_bowel_syndrome	24	24	24	TRUE	1
fasting_glucose_bmiadj	tier1_027_pleural_effusion	24	24	24	TRUE	1
fasting_glucose_bmiadj	tier1_028_gastric_ulcer	24	24	24	TRUE	1
fasting_glucose_bmiadj	tier1_029_noninflammatory_disorders_of_female_genital_tract	24	24	24	TRUE	1
fasting_glucose_bmiadj	tier1_030_hyperplasia_of_prostate	23	24	23	FALSE	0.958333333333333
fasting_glucose_bmiadj	tier1_031_renal_failure	24	24	24	TRUE	1
fasting_glucose_bmiadj	tier1_032_polyp_of_the_female_genital_tract	24	24	24	TRUE	1
fasting_glucose_bmiadj	tier1_033_postmenopausal_bleeding	24	24	24	TRUE	1
fasting_glucose_bmiadj	tier1_034_acute_renal_failure	24	24	24	TRUE	1
fasting_glucose_bmiadj	tier1_035_inflammatory_diseases_of_female_pelvic_organs	24	24	24	TRUE	1
fasting_glucose_bmiadj	tier1_036_ovarian_cyst	24	24	24	TRUE	1
fasting_glucose_bmiadj	tier1_037_low_back_pain	24	24	24	TRUE	1
fasting_glucose_bmiadj	tier1_038_disorders_of_synovium_and_tendon	24	24	24	TRUE	1
fasting_glucose_bmiadj	tier1_039_pain_in_joint	23	24	23	FALSE	0.958333333333333
fasting_glucose_bmiadj	tier1_040_osteoporosis	24	24	24	TRUE	1
fasting_glucose_bmiadj	tier1_041_pain_in_limb	24	24	24	TRUE	1
fasting_glucose_bmiadj	tier1_042_polyarthropathies	24	24	24	TRUE	1
fasting_glucose_bmiadj	tier1_043_rheumatoid_arthritis	24	24	24	TRUE	1
fasting_glucose_bmiadj	tier1_044_spinal_stenosis	24	24	24	TRUE	1
fasting_glucose_bmiadj	tier1_045_sleep_disorders_combined	24	24	24	TRUE	1
fasting_glucose_bmiadj	tier1_046_sleep_apnoea	24	24	24	TRUE	1
fasting_glucose_bmiadj	tier1_047_cardiac_arrhythmias	24	24	24	TRUE	1
fasting_glucose_bmiadj	tier1_048_pain_limb_back_neck_head_abdominally	24	24	24	TRUE	1
fasting_glucose_bmiadj	tier1_049_iron_deficiency_anaemia	24	24	24	TRUE	1
fasting_glucose_bmiadj	tier1_050_retention_of_urine	24	24	24	TRUE	1
fasting_glucose_bmiadj	tier1_051_senile_cataract	24	24	24	TRUE	1
fasting_glucose_bmiadj	tier1_052_other_disorders_of_eyelid	24	24	24	TRUE	1
fasting_glucose_bmiadj	tier1_053_glaucoma	24	24	24	TRUE	1
fasting_insulin_bmiadj	tier1_001_hypertension	9	9	9	TRUE	1
fasting_insulin_bmiadj	tier1_002_hypertension_essential	9	9	9	TRUE	1
fasting_insulin_bmiadj	tier1_003_ischaemic_heart_disease_wide_definition	9	9	9	TRUE	1
fasting_insulin_bmiadj	tier1_004_angina_pectoris	9	9	9	TRUE	1
fasting_insulin_bmiadj	tier1_005_atrial_fibrillation_and_flutter	9	8	8	FALSE	0.888888888888889
fasting_insulin_bmiadj	tier1_006_obesity	9	9	9	TRUE	1
fasting_insulin_bmiadj	tier1_007_obesity_due_to_excess_calories	9	9	9	TRUE	1
fasting_insulin_bmiadj	tier1_008_varicose_veins	9	9	9	TRUE	1
fasting_insulin_bmiadj	tier1_009_conduction_disorders	9	8	8	FALSE	0.888888888888889
fasting_insulin_bmiadj	tier1_010_heart_failure_strict	9	8	8	FALSE	0.888888888888889
fasting_insulin_bmiadj	tier1_011_heart_failure_and_coronary_heart_disease	9	8	8	FALSE	0.888888888888889
fasting_insulin_bmiadj	tier1_012_hypotension	9	8	8	FALSE	0.888888888888889
fasting_insulin_bmiadj	tier1_013_unstable_angina_pectoris	9	8	8	FALSE	0.888888888888889
fasting_insulin_bmiadj	tier1_014_hernia	9	9	9	TRUE	1
fasting_insulin_bmiadj	tier1_015_diverticular_disease_of_intestine	9	9	9	TRUE	1
fasting_insulin_bmiadj	tier1_016_hernia_of_abdominal_wall	9	9	9	TRUE	1
fasting_insulin_bmiadj	tier1_017_inguinal_hernia	9	9	9	TRUE	1
fasting_insulin_bmiadj	tier1_018_cholelithiasis	9	9	9	TRUE	1
fasting_insulin_bmiadj	tier1_019_diaphragmatic_hernia	9	9	9	TRUE	1
fasting_insulin_bmiadj	tier1_020_obesity_related_asthma	9	9	9	TRUE	1
fasting_insulin_bmiadj	tier1_021_influenza_and_pneumonia	8	9	8	FALSE	0.888888888888889
fasting_insulin_bmiadj	tier1_022_asthma_related_pneumonia	9	9	9	TRUE	1
fasting_insulin_bmiadj	tier1_023_constipation	9	9	9	TRUE	1
fasting_insulin_bmiadj	tier1_024_other_gastritis_incl_duodenitis	9	9	9	TRUE	1
fasting_insulin_bmiadj	tier1_025_hernia_of_abdominal_wall_postoperative	9	9	9	TRUE	1
fasting_insulin_bmiadj	tier1_026_irritable_bowel_syndrome	9	8	8	FALSE	0.888888888888889
fasting_insulin_bmiadj	tier1_027_pleural_effusion	9	8	8	FALSE	0.888888888888889
fasting_insulin_bmiadj	tier1_028_gastric_ulcer	9	8	8	FALSE	0.888888888888889
fasting_insulin_bmiadj	tier1_029_noninflammatory_disorders_of_female_genital_tract	9	9	9	TRUE	1
fasting_insulin_bmiadj	tier1_030_hyperplasia_of_prostate	9	8	8	FALSE	0.888888888888889
fasting_insulin_bmiadj	tier1_031_renal_failure	9	8	8	FALSE	0.888888888888889
fasting_insulin_bmiadj	tier1_032_polyp_of_the_female_genital_tract	9	9	9	TRUE	1
fasting_insulin_bmiadj	tier1_033_postmenopausal_bleeding	9	9	9	TRUE	1
fasting_insulin_bmiadj	tier1_034_acute_renal_failure	9	8	8	FALSE	0.888888888888889
fasting_insulin_bmiadj	tier1_035_inflammatory_diseases_of_female_pelvic_organs	9	9	9	TRUE	1
fasting_insulin_bmiadj	tier1_036_ovarian_cyst	9	8	8	FALSE	0.888888888888889
fasting_insulin_bmiadj	tier1_037_low_back_pain	9	9	9	TRUE	1
fasting_insulin_bmiadj	tier1_038_disorders_of_synovium_and_tendon	9	9	9	TRUE	1
fasting_insulin_bmiadj	tier1_039_pain_in_joint	9	8	8	FALSE	0.888888888888889
fasting_insulin_bmiadj	tier1_040_osteoporosis	9	8	8	FALSE	0.888888888888889
fasting_insulin_bmiadj	tier1_041_pain_in_limb	9	8	8	FALSE	0.888888888888889
fasting_insulin_bmiadj	tier1_042_polyarthropathies	8	9	8	FALSE	0.888888888888889
fasting_insulin_bmiadj	tier1_043_rheumatoid_arthritis	9	8	8	FALSE	0.888888888888889
fasting_insulin_bmiadj	tier1_044_spinal_stenosis	9	8	8	FALSE	0.888888888888889
fasting_insulin_bmiadj	tier1_045_sleep_disorders_combined	9	9	9	TRUE	1
fasting_insulin_bmiadj	tier1_046_sleep_apnoea	9	9	9	TRUE	1
fasting_insulin_bmiadj	tier1_047_cardiac_arrhythmias	9	9	9	TRUE	1
fasting_insulin_bmiadj	tier1_048_pain_limb_back_neck_head_abdominally	9	9	9	TRUE	1
fasting_insulin_bmiadj	tier1_049_iron_deficiency_anaemia	9	9	9	TRUE	1
fasting_insulin_bmiadj	tier1_050_retention_of_urine	9	8	8	FALSE	0.888888888888889
fasting_insulin_bmiadj	tier1_051_senile_cataract	9	9	9	TRUE	1
fasting_insulin_bmiadj	tier1_052_other_disorders_of_eyelid	9	8	8	FALSE	0.888888888888889
fasting_insulin_bmiadj	tier1_053_glaucoma	9	8	8	FALSE	0.888888888888889
hba1c_european	tier1_001_hypertension	37	33	33	FALSE	0.891891891891892
hba1c_european	tier1_002_hypertension_essential	37	33	33	FALSE	0.891891891891892
hba1c_european	tier1_003_ischaemic_heart_disease_wide_definition	37	33	33	FALSE	0.891891891891892
hba1c_european	tier1_004_angina_pectoris	37	32	32	FALSE	0.864864864864865
hba1c_european	tier1_005_atrial_fibrillation_and_flutter	37	27	27	FALSE	0.72972972972973
hba1c_european	tier1_006_obesity	37	30	30	FALSE	0.810810810810811
hba1c_european	tier1_007_obesity_due_to_excess_calories	37	30	30	FALSE	0.810810810810811
hba1c_european	tier1_008_varicose_veins	37	31	31	FALSE	0.837837837837838
hba1c_european	tier1_009_conduction_disorders	37	27	27	FALSE	0.72972972972973
hba1c_european	tier1_010_heart_failure_strict	37	27	27	FALSE	0.72972972972973
hba1c_european	tier1_011_heart_failure_and_coronary_heart_disease	37	27	27	FALSE	0.72972972972973
hba1c_european	tier1_012_hypotension	37	27	27	FALSE	0.72972972972973
hba1c_european	tier1_013_unstable_angina_pectoris	37	27	27	FALSE	0.72972972972973
hba1c_european	tier1_014_hernia	36	33	32	FALSE	0.864864864864865
hba1c_european	tier1_015_diverticular_disease_of_intestine	37	33	33	FALSE	0.891891891891892
hba1c_european	tier1_016_hernia_of_abdominal_wall	37	33	33	FALSE	0.891891891891892
hba1c_european	tier1_017_inguinal_hernia	37	30	30	FALSE	0.810810810810811
hba1c_european	tier1_018_cholelithiasis	37	32	32	FALSE	0.864864864864865
hba1c_european	tier1_019_diaphragmatic_hernia	37	33	33	FALSE	0.891891891891892
hba1c_european	tier1_020_obesity_related_asthma	37	30	30	FALSE	0.810810810810811
hba1c_european	tier1_021_influenza_and_pneumonia	37	30	30	FALSE	0.810810810810811
hba1c_european	tier1_022_asthma_related_pneumonia	36	30	29	FALSE	0.783783783783784
hba1c_european	tier1_023_constipation	37	30	30	FALSE	0.810810810810811
hba1c_european	tier1_024_other_gastritis_incl_duodenitis	37	33	33	FALSE	0.891891891891892
hba1c_european	tier1_025_hernia_of_abdominal_wall_postoperative	37	33	33	FALSE	0.891891891891892
hba1c_european	tier1_026_irritable_bowel_syndrome	37	27	27	FALSE	0.72972972972973
hba1c_european	tier1_027_pleural_effusion	37	27	27	FALSE	0.72972972972973
hba1c_european	tier1_028_gastric_ulcer	37	27	27	FALSE	0.72972972972973
hba1c_european	tier1_029_noninflammatory_disorders_of_female_genital_tract	37	33	33	FALSE	0.891891891891892
hba1c_european	tier1_030_hyperplasia_of_prostate	37	27	27	FALSE	0.72972972972973
hba1c_european	tier1_031_renal_failure	37	27	27	FALSE	0.72972972972973
hba1c_european	tier1_032_polyp_of_the_female_genital_tract	37	30	30	FALSE	0.810810810810811
hba1c_european	tier1_033_postmenopausal_bleeding	37	30	30	FALSE	0.810810810810811
hba1c_european	tier1_034_acute_renal_failure	37	28	28	FALSE	0.756756756756757
hba1c_european	tier1_035_inflammatory_diseases_of_female_pelvic_organs	37	30	30	FALSE	0.810810810810811
hba1c_european	tier1_036_ovarian_cyst	37	27	27	FALSE	0.72972972972973
hba1c_european	tier1_037_low_back_pain	37	33	33	FALSE	0.891891891891892
hba1c_european	tier1_038_disorders_of_synovium_and_tendon	37	30	30	FALSE	0.810810810810811
hba1c_european	tier1_039_pain_in_joint	37	28	28	FALSE	0.756756756756757
hba1c_european	tier1_040_osteoporosis	37	27	27	FALSE	0.72972972972973
hba1c_european	tier1_041_pain_in_limb	37	27	27	FALSE	0.72972972972973
hba1c_european	tier1_042_polyarthropathies	37	30	30	FALSE	0.810810810810811
hba1c_european	tier1_043_rheumatoid_arthritis	37	27	27	FALSE	0.72972972972973
hba1c_european	tier1_044_spinal_stenosis	37	27	27	FALSE	0.72972972972973
hba1c_european	tier1_045_sleep_disorders_combined	37	32	32	FALSE	0.864864864864865
hba1c_european	tier1_046_sleep_apnoea	37	30	30	FALSE	0.810810810810811
hba1c_european	tier1_047_cardiac_arrhythmias	37	32	32	FALSE	0.864864864864865
hba1c_european	tier1_048_pain_limb_back_neck_head_abdominally	37	33	33	FALSE	0.891891891891892
hba1c_european	tier1_049_iron_deficiency_anaemia	37	30	30	FALSE	0.810810810810811
hba1c_european	tier1_050_retention_of_urine	37	28	28	FALSE	0.756756756756757
hba1c_european	tier1_051_senile_cataract	37	30	30	FALSE	0.810810810810811
hba1c_european	tier1_052_other_disorders_of_eyelid	37	27	27	FALSE	0.72972972972973
hba1c_european	tier1_053_glaucoma	37	28	28	FALSE	0.756756756756757
hdl_glgc_eur_without_ukb	tier1_001_hypertension	22	21	20	FALSE	0.869565217391304
hdl_glgc_eur_without_ukb	tier1_002_hypertension_essential	22	21	20	FALSE	0.869565217391304
hdl_glgc_eur_without_ukb	tier1_003_ischaemic_heart_disease_wide_definition	22	21	20	FALSE	0.869565217391304
hdl_glgc_eur_without_ukb	tier1_004_angina_pectoris	22	20	19	FALSE	0.826086956521739
hdl_glgc_eur_without_ukb	tier1_005_atrial_fibrillation_and_flutter	22	19	18	FALSE	0.782608695652174
hdl_glgc_eur_without_ukb	tier1_006_obesity	22	20	19	FALSE	0.826086956521739
hdl_glgc_eur_without_ukb	tier1_007_obesity_due_to_excess_calories	22	20	19	FALSE	0.826086956521739
hdl_glgc_eur_without_ukb	tier1_008_varicose_veins	22	20	19	FALSE	0.826086956521739
hdl_glgc_eur_without_ukb	tier1_009_conduction_disorders	22	19	18	FALSE	0.782608695652174
hdl_glgc_eur_without_ukb	tier1_010_heart_failure_strict	22	19	18	FALSE	0.782608695652174
hdl_glgc_eur_without_ukb	tier1_011_heart_failure_and_coronary_heart_disease	22	19	18	FALSE	0.782608695652174
hdl_glgc_eur_without_ukb	tier1_012_hypotension	22	19	18	FALSE	0.782608695652174
hdl_glgc_eur_without_ukb	tier1_013_unstable_angina_pectoris	22	19	18	FALSE	0.782608695652174
hdl_glgc_eur_without_ukb	tier1_014_hernia	22	21	20	FALSE	0.869565217391304
hdl_glgc_eur_without_ukb	tier1_015_diverticular_disease_of_intestine	22	20	19	FALSE	0.826086956521739
hdl_glgc_eur_without_ukb	tier1_016_hernia_of_abdominal_wall	22	21	20	FALSE	0.869565217391304
hdl_glgc_eur_without_ukb	tier1_017_inguinal_hernia	22	20	19	FALSE	0.826086956521739
hdl_glgc_eur_without_ukb	tier1_018_cholelithiasis	22	20	19	FALSE	0.826086956521739
hdl_glgc_eur_without_ukb	tier1_019_diaphragmatic_hernia	22	21	20	FALSE	0.869565217391304
hdl_glgc_eur_without_ukb	tier1_020_obesity_related_asthma	22	20	19	FALSE	0.826086956521739
hdl_glgc_eur_without_ukb	tier1_021_influenza_and_pneumonia	22	20	19	FALSE	0.826086956521739
hdl_glgc_eur_without_ukb	tier1_022_asthma_related_pneumonia	22	20	19	FALSE	0.826086956521739
hdl_glgc_eur_without_ukb	tier1_023_constipation	22	20	19	FALSE	0.826086956521739
hdl_glgc_eur_without_ukb	tier1_024_other_gastritis_incl_duodenitis	22	21	20	FALSE	0.869565217391304
hdl_glgc_eur_without_ukb	tier1_025_hernia_of_abdominal_wall_postoperative	22	21	20	FALSE	0.869565217391304
hdl_glgc_eur_without_ukb	tier1_026_irritable_bowel_syndrome	22	19	18	FALSE	0.782608695652174
hdl_glgc_eur_without_ukb	tier1_027_pleural_effusion	22	19	18	FALSE	0.782608695652174
hdl_glgc_eur_without_ukb	tier1_028_gastric_ulcer	22	19	18	FALSE	0.782608695652174
hdl_glgc_eur_without_ukb	tier1_029_noninflammatory_disorders_of_female_genital_tract	22	21	20	FALSE	0.869565217391304
hdl_glgc_eur_without_ukb	tier1_030_hyperplasia_of_prostate	22	19	18	FALSE	0.782608695652174
hdl_glgc_eur_without_ukb	tier1_031_renal_failure	22	19	18	FALSE	0.782608695652174
hdl_glgc_eur_without_ukb	tier1_032_polyp_of_the_female_genital_tract	22	20	19	FALSE	0.826086956521739
hdl_glgc_eur_without_ukb	tier1_033_postmenopausal_bleeding	22	19	18	FALSE	0.782608695652174
hdl_glgc_eur_without_ukb	tier1_034_acute_renal_failure	22	19	18	FALSE	0.782608695652174
hdl_glgc_eur_without_ukb	tier1_035_inflammatory_diseases_of_female_pelvic_organs	20	19	16	FALSE	0.695652173913044
hdl_glgc_eur_without_ukb	tier1_036_ovarian_cyst	22	19	18	FALSE	0.782608695652174
hdl_glgc_eur_without_ukb	tier1_037_low_back_pain	22	21	20	FALSE	0.869565217391304
hdl_glgc_eur_without_ukb	tier1_038_disorders_of_synovium_and_tendon	22	20	19	FALSE	0.826086956521739
hdl_glgc_eur_without_ukb	tier1_039_pain_in_joint	22	19	18	FALSE	0.782608695652174
hdl_glgc_eur_without_ukb	tier1_040_osteoporosis	22	19	18	FALSE	0.782608695652174
hdl_glgc_eur_without_ukb	tier1_041_pain_in_limb	22	19	18	FALSE	0.782608695652174
hdl_glgc_eur_without_ukb	tier1_042_polyarthropathies	22	20	19	FALSE	0.826086956521739
hdl_glgc_eur_without_ukb	tier1_043_rheumatoid_arthritis	22	19	18	FALSE	0.782608695652174
hdl_glgc_eur_without_ukb	tier1_044_spinal_stenosis	22	19	18	FALSE	0.782608695652174
hdl_glgc_eur_without_ukb	tier1_045_sleep_disorders_combined	22	20	19	FALSE	0.826086956521739
hdl_glgc_eur_without_ukb	tier1_046_sleep_apnoea	22	20	19	FALSE	0.826086956521739
hdl_glgc_eur_without_ukb	tier1_047_cardiac_arrhythmias	22	20	19	FALSE	0.826086956521739
hdl_glgc_eur_without_ukb	tier1_048_pain_limb_back_neck_head_abdominally	22	21	20	FALSE	0.869565217391304
hdl_glgc_eur_without_ukb	tier1_049_iron_deficiency_anaemia	22	20	19	FALSE	0.826086956521739
hdl_glgc_eur_without_ukb	tier1_050_retention_of_urine	22	19	18	FALSE	0.782608695652174
hdl_glgc_eur_without_ukb	tier1_051_senile_cataract	22	20	19	FALSE	0.826086956521739
hdl_glgc_eur_without_ukb	tier1_052_other_disorders_of_eyelid	22	19	18	FALSE	0.782608695652174
hdl_glgc_eur_without_ukb	tier1_053_glaucoma	22	19	18	FALSE	0.782608695652174
height_giant_eur	tier1_001_hypertension	206	194	194	FALSE	0.941747572815534
height_giant_eur	tier1_002_hypertension_essential	206	194	194	FALSE	0.941747572815534
height_giant_eur	tier1_003_ischaemic_heart_disease_wide_definition	206	193	193	FALSE	0.936893203883495
height_giant_eur	tier1_004_angina_pectoris	206	186	186	FALSE	0.902912621359223
height_giant_eur	tier1_005_atrial_fibrillation_and_flutter	206	170	170	FALSE	0.825242718446602
height_giant_eur	tier1_006_obesity	206	179	179	FALSE	0.868932038834952
height_giant_eur	tier1_007_obesity_due_to_excess_calories	206	179	179	FALSE	0.868932038834952
height_giant_eur	tier1_008_varicose_veins	206	181	181	FALSE	0.878640776699029
height_giant_eur	tier1_009_conduction_disorders	206	170	170	FALSE	0.825242718446602
height_giant_eur	tier1_010_heart_failure_strict	206	170	170	FALSE	0.825242718446602
height_giant_eur	tier1_011_heart_failure_and_coronary_heart_disease	206	170	170	FALSE	0.825242718446602
height_giant_eur	tier1_012_hypotension	206	170	170	FALSE	0.825242718446602
height_giant_eur	tier1_013_unstable_angina_pectoris	206	170	170	FALSE	0.825242718446602
height_giant_eur	tier1_014_hernia	206	190	190	FALSE	0.922330097087379
height_giant_eur	tier1_015_diverticular_disease_of_intestine	206	186	186	FALSE	0.902912621359223
height_giant_eur	tier1_016_hernia_of_abdominal_wall	205	190	189	FALSE	0.91747572815534
height_giant_eur	tier1_017_inguinal_hernia	204	179	178	FALSE	0.868292682926829
height_giant_eur	tier1_018_cholelithiasis	206	186	186	FALSE	0.902912621359223
height_giant_eur	tier1_019_diaphragmatic_hernia	206	192	192	FALSE	0.932038834951456
height_giant_eur	tier1_020_obesity_related_asthma	201	179	175	FALSE	0.853658536585366
height_giant_eur	tier1_021_influenza_and_pneumonia	206	178	178	FALSE	0.864077669902913
height_giant_eur	tier1_022_asthma_related_pneumonia	206	178	178	FALSE	0.864077669902913
height_giant_eur	tier1_023_constipation	206	178	178	FALSE	0.864077669902913
height_giant_eur	tier1_024_other_gastritis_incl_duodenitis	206	190	190	FALSE	0.922330097087379
height_giant_eur	tier1_025_hernia_of_abdominal_wall_postoperative	206	190	190	FALSE	0.922330097087379
height_giant_eur	tier1_026_irritable_bowel_syndrome	206	170	170	FALSE	0.825242718446602
height_giant_eur	tier1_027_pleural_effusion	206	170	170	FALSE	0.825242718446602
height_giant_eur	tier1_028_gastric_ulcer	206	170	170	FALSE	0.825242718446602
height_giant_eur	tier1_029_noninflammatory_disorders_of_female_genital_tract	206	190	190	FALSE	0.922330097087379
height_giant_eur	tier1_030_hyperplasia_of_prostate	206	169	169	FALSE	0.820388349514563
height_giant_eur	tier1_031_renal_failure	206	170	170	FALSE	0.825242718446602
height_giant_eur	tier1_032_polyp_of_the_female_genital_tract	205	178	177	FALSE	0.859223300970874
height_giant_eur	tier1_033_postmenopausal_bleeding	205	177	176	FALSE	0.854368932038835
height_giant_eur	tier1_034_acute_renal_failure	206	170	170	FALSE	0.825242718446602
height_giant_eur	tier1_035_inflammatory_diseases_of_female_pelvic_organs	194	177	166	FALSE	0.809756097560976
height_giant_eur	tier1_036_ovarian_cyst	206	170	170	FALSE	0.825242718446602
height_giant_eur	tier1_037_low_back_pain	206	190	190	FALSE	0.922330097087379
height_giant_eur	tier1_038_disorders_of_synovium_and_tendon	206	177	177	FALSE	0.859223300970874
height_giant_eur	tier1_039_pain_in_joint	206	170	170	FALSE	0.825242718446602
height_giant_eur	tier1_040_osteoporosis	206	170	170	FALSE	0.825242718446602
height_giant_eur	tier1_041_pain_in_limb	206	170	170	FALSE	0.825242718446602
height_giant_eur	tier1_042_polyarthropathies	206	179	179	FALSE	0.868932038834952
height_giant_eur	tier1_043_rheumatoid_arthritis	206	170	170	FALSE	0.825242718446602
height_giant_eur	tier1_044_spinal_stenosis	206	170	170	FALSE	0.825242718446602
height_giant_eur	tier1_045_sleep_disorders_combined	206	187	187	FALSE	0.907766990291262
height_giant_eur	tier1_046_sleep_apnoea	206	179	179	FALSE	0.868932038834952
height_giant_eur	tier1_047_cardiac_arrhythmias	206	186	186	FALSE	0.902912621359223
height_giant_eur	tier1_048_pain_limb_back_neck_head_abdominally	206	190	190	FALSE	0.922330097087379
height_giant_eur	tier1_049_iron_deficiency_anaemia	206	179	179	FALSE	0.868932038834952
height_giant_eur	tier1_050_retention_of_urine	206	170	170	FALSE	0.825242718446602
height_giant_eur	tier1_051_senile_cataract	206	178	178	FALSE	0.864077669902913
height_giant_eur	tier1_052_other_disorders_of_eyelid	206	170	170	FALSE	0.825242718446602
height_giant_eur	tier1_053_glaucoma	206	170	170	FALSE	0.825242718446602
ldl_glgc_eur_without_ukb	tier1_001_hypertension	22	23	22	FALSE	0.956521739130435
ldl_glgc_eur_without_ukb	tier1_002_hypertension_essential	22	23	22	FALSE	0.956521739130435
ldl_glgc_eur_without_ukb	tier1_003_ischaemic_heart_disease_wide_definition	22	23	22	FALSE	0.956521739130435
ldl_glgc_eur_without_ukb	tier1_004_angina_pectoris	22	21	20	FALSE	0.869565217391304
ldl_glgc_eur_without_ukb	tier1_005_atrial_fibrillation_and_flutter	22	19	18	FALSE	0.782608695652174
ldl_glgc_eur_without_ukb	tier1_006_obesity	22	21	20	FALSE	0.869565217391304
ldl_glgc_eur_without_ukb	tier1_007_obesity_due_to_excess_calories	22	21	20	FALSE	0.869565217391304
ldl_glgc_eur_without_ukb	tier1_008_varicose_veins	22	21	20	FALSE	0.869565217391304
ldl_glgc_eur_without_ukb	tier1_009_conduction_disorders	22	19	18	FALSE	0.782608695652174
ldl_glgc_eur_without_ukb	tier1_010_heart_failure_strict	22	19	18	FALSE	0.782608695652174
ldl_glgc_eur_without_ukb	tier1_011_heart_failure_and_coronary_heart_disease	22	19	18	FALSE	0.782608695652174
ldl_glgc_eur_without_ukb	tier1_012_hypotension	22	19	18	FALSE	0.782608695652174
ldl_glgc_eur_without_ukb	tier1_013_unstable_angina_pectoris	22	19	18	FALSE	0.782608695652174
ldl_glgc_eur_without_ukb	tier1_014_hernia	22	22	21	FALSE	0.91304347826087
ldl_glgc_eur_without_ukb	tier1_015_diverticular_disease_of_intestine	22	21	20	FALSE	0.869565217391304
ldl_glgc_eur_without_ukb	tier1_016_hernia_of_abdominal_wall	22	22	21	FALSE	0.91304347826087
ldl_glgc_eur_without_ukb	tier1_017_inguinal_hernia	22	21	20	FALSE	0.869565217391304
ldl_glgc_eur_without_ukb	tier1_018_cholelithiasis	22	21	20	FALSE	0.869565217391304
ldl_glgc_eur_without_ukb	tier1_019_diaphragmatic_hernia	22	22	21	FALSE	0.91304347826087
ldl_glgc_eur_without_ukb	tier1_020_obesity_related_asthma	22	21	20	FALSE	0.869565217391304
ldl_glgc_eur_without_ukb	tier1_021_influenza_and_pneumonia	22	21	20	FALSE	0.869565217391304
ldl_glgc_eur_without_ukb	tier1_022_asthma_related_pneumonia	22	21	20	FALSE	0.869565217391304
ldl_glgc_eur_without_ukb	tier1_023_constipation	22	21	20	FALSE	0.869565217391304
ldl_glgc_eur_without_ukb	tier1_024_other_gastritis_incl_duodenitis	22	22	21	FALSE	0.91304347826087
ldl_glgc_eur_without_ukb	tier1_025_hernia_of_abdominal_wall_postoperative	22	22	21	FALSE	0.91304347826087
ldl_glgc_eur_without_ukb	tier1_026_irritable_bowel_syndrome	22	19	18	FALSE	0.782608695652174
ldl_glgc_eur_without_ukb	tier1_027_pleural_effusion	22	19	18	FALSE	0.782608695652174
ldl_glgc_eur_without_ukb	tier1_028_gastric_ulcer	22	19	18	FALSE	0.782608695652174
ldl_glgc_eur_without_ukb	tier1_029_noninflammatory_disorders_of_female_genital_tract	22	22	21	FALSE	0.91304347826087
ldl_glgc_eur_without_ukb	tier1_030_hyperplasia_of_prostate	22	19	18	FALSE	0.782608695652174
ldl_glgc_eur_without_ukb	tier1_031_renal_failure	22	19	18	FALSE	0.782608695652174
ldl_glgc_eur_without_ukb	tier1_032_polyp_of_the_female_genital_tract	22	21	20	FALSE	0.869565217391304
ldl_glgc_eur_without_ukb	tier1_033_postmenopausal_bleeding	22	21	20	FALSE	0.869565217391304
ldl_glgc_eur_without_ukb	tier1_034_acute_renal_failure	22	19	18	FALSE	0.782608695652174
ldl_glgc_eur_without_ukb	tier1_035_inflammatory_diseases_of_female_pelvic_organs	21	21	20	FALSE	0.909090909090909
ldl_glgc_eur_without_ukb	tier1_036_ovarian_cyst	22	19	18	FALSE	0.782608695652174
ldl_glgc_eur_without_ukb	tier1_037_low_back_pain	22	22	21	FALSE	0.91304347826087
ldl_glgc_eur_without_ukb	tier1_038_disorders_of_synovium_and_tendon	22	21	20	FALSE	0.869565217391304
ldl_glgc_eur_without_ukb	tier1_039_pain_in_joint	22	19	18	FALSE	0.782608695652174
ldl_glgc_eur_without_ukb	tier1_040_osteoporosis	22	19	18	FALSE	0.782608695652174
ldl_glgc_eur_without_ukb	tier1_041_pain_in_limb	22	19	18	FALSE	0.782608695652174
ldl_glgc_eur_without_ukb	tier1_042_polyarthropathies	22	21	20	FALSE	0.869565217391304
ldl_glgc_eur_without_ukb	tier1_043_rheumatoid_arthritis	22	19	18	FALSE	0.782608695652174
ldl_glgc_eur_without_ukb	tier1_044_spinal_stenosis	22	19	18	FALSE	0.782608695652174
ldl_glgc_eur_without_ukb	tier1_045_sleep_disorders_combined	22	22	21	FALSE	0.91304347826087
ldl_glgc_eur_without_ukb	tier1_046_sleep_apnoea	22	21	20	FALSE	0.869565217391304
ldl_glgc_eur_without_ukb	tier1_047_cardiac_arrhythmias	22	21	20	FALSE	0.869565217391304
ldl_glgc_eur_without_ukb	tier1_048_pain_limb_back_neck_head_abdominally	22	22	21	FALSE	0.91304347826087
ldl_glgc_eur_without_ukb	tier1_049_iron_deficiency_anaemia	22	21	20	FALSE	0.869565217391304
ldl_glgc_eur_without_ukb	tier1_050_retention_of_urine	22	19	18	FALSE	0.782608695652174
ldl_glgc_eur_without_ukb	tier1_051_senile_cataract	22	21	20	FALSE	0.869565217391304
ldl_glgc_eur_without_ukb	tier1_052_other_disorders_of_eyelid	22	19	18	FALSE	0.782608695652174
ldl_glgc_eur_without_ukb	tier1_053_glaucoma	22	19	18	FALSE	0.782608695652174
smoking_cessation_gscan	tier1_001_hypertension	7	7	7	TRUE	1
smoking_cessation_gscan	tier1_002_hypertension_essential	7	7	7	TRUE	1
smoking_cessation_gscan	tier1_003_ischaemic_heart_disease_wide_definition	7	7	7	TRUE	1
smoking_cessation_gscan	tier1_004_angina_pectoris	7	7	7	TRUE	1
smoking_cessation_gscan	tier1_005_atrial_fibrillation_and_flutter	7	6	6	FALSE	0.857142857142857
smoking_cessation_gscan	tier1_006_obesity	7	7	7	TRUE	1
smoking_cessation_gscan	tier1_007_obesity_due_to_excess_calories	7	7	7	TRUE	1
smoking_cessation_gscan	tier1_008_varicose_veins	7	7	7	TRUE	1
smoking_cessation_gscan	tier1_009_conduction_disorders	7	6	6	FALSE	0.857142857142857
smoking_cessation_gscan	tier1_010_heart_failure_strict	7	6	6	FALSE	0.857142857142857
smoking_cessation_gscan	tier1_011_heart_failure_and_coronary_heart_disease	7	6	6	FALSE	0.857142857142857
smoking_cessation_gscan	tier1_012_hypotension	7	5	5	FALSE	0.714285714285714
smoking_cessation_gscan	tier1_013_unstable_angina_pectoris	7	5	5	FALSE	0.714285714285714
smoking_cessation_gscan	tier1_014_hernia	7	7	7	TRUE	1
smoking_cessation_gscan	tier1_015_diverticular_disease_of_intestine	7	7	7	TRUE	1
smoking_cessation_gscan	tier1_016_hernia_of_abdominal_wall	7	7	7	TRUE	1
smoking_cessation_gscan	tier1_017_inguinal_hernia	7	7	7	TRUE	1
smoking_cessation_gscan	tier1_018_cholelithiasis	7	7	7	TRUE	1
smoking_cessation_gscan	tier1_019_diaphragmatic_hernia	7	7	7	TRUE	1
smoking_cessation_gscan	tier1_020_obesity_related_asthma	7	7	7	TRUE	1
smoking_cessation_gscan	tier1_021_influenza_and_pneumonia	7	7	7	TRUE	1
smoking_cessation_gscan	tier1_022_asthma_related_pneumonia	7	7	7	TRUE	1
smoking_cessation_gscan	tier1_023_constipation	7	7	7	TRUE	1
smoking_cessation_gscan	tier1_024_other_gastritis_incl_duodenitis	7	7	7	TRUE	1
smoking_cessation_gscan	tier1_025_hernia_of_abdominal_wall_postoperative	7	7	7	TRUE	1
smoking_cessation_gscan	tier1_026_irritable_bowel_syndrome	7	5	5	FALSE	0.714285714285714
smoking_cessation_gscan	tier1_027_pleural_effusion	7	6	6	FALSE	0.857142857142857
smoking_cessation_gscan	tier1_028_gastric_ulcer	7	5	5	FALSE	0.714285714285714
smoking_cessation_gscan	tier1_029_noninflammatory_disorders_of_female_genital_tract	7	7	7	TRUE	1
smoking_cessation_gscan	tier1_030_hyperplasia_of_prostate	7	5	5	FALSE	0.714285714285714
smoking_cessation_gscan	tier1_031_renal_failure	7	5	5	FALSE	0.714285714285714
smoking_cessation_gscan	tier1_032_polyp_of_the_female_genital_tract	7	7	7	TRUE	1
smoking_cessation_gscan	tier1_033_postmenopausal_bleeding	7	7	7	TRUE	1
smoking_cessation_gscan	tier1_034_acute_renal_failure	7	6	6	FALSE	0.857142857142857
smoking_cessation_gscan	tier1_035_inflammatory_diseases_of_female_pelvic_organs	7	7	7	TRUE	1
smoking_cessation_gscan	tier1_036_ovarian_cyst	7	5	5	FALSE	0.714285714285714
smoking_cessation_gscan	tier1_037_low_back_pain	7	7	7	TRUE	1
smoking_cessation_gscan	tier1_038_disorders_of_synovium_and_tendon	7	7	7	TRUE	1
smoking_cessation_gscan	tier1_039_pain_in_joint	7	6	6	FALSE	0.857142857142857
smoking_cessation_gscan	tier1_040_osteoporosis	7	5	5	FALSE	0.714285714285714
smoking_cessation_gscan	tier1_041_pain_in_limb	7	6	6	FALSE	0.857142857142857
smoking_cessation_gscan	tier1_042_polyarthropathies	7	7	7	TRUE	1
smoking_cessation_gscan	tier1_043_rheumatoid_arthritis	7	5	5	FALSE	0.714285714285714
smoking_cessation_gscan	tier1_044_spinal_stenosis	7	5	5	FALSE	0.714285714285714
smoking_cessation_gscan	tier1_045_sleep_disorders_combined	7	7	7	TRUE	1
smoking_cessation_gscan	tier1_046_sleep_apnoea	7	7	7	TRUE	1
smoking_cessation_gscan	tier1_047_cardiac_arrhythmias	7	7	7	TRUE	1
smoking_cessation_gscan	tier1_048_pain_limb_back_neck_head_abdominally	7	7	7	TRUE	1
smoking_cessation_gscan	tier1_049_iron_deficiency_anaemia	7	7	7	TRUE	1
smoking_cessation_gscan	tier1_050_retention_of_urine	7	6	6	FALSE	0.857142857142857
smoking_cessation_gscan	tier1_051_senile_cataract	7	7	7	TRUE	1
smoking_cessation_gscan	tier1_052_other_disorders_of_eyelid	7	5	5	FALSE	0.714285714285714
smoking_cessation_gscan	tier1_053_glaucoma	7	6	6	FALSE	0.857142857142857
smoking_initiation_gscan	tier1_001_hypertension	67	60	59	FALSE	0.867647058823529
smoking_initiation_gscan	tier1_002_hypertension_essential	67	60	59	FALSE	0.867647058823529
smoking_initiation_gscan	tier1_003_ischaemic_heart_disease_wide_definition	67	60	59	FALSE	0.867647058823529
smoking_initiation_gscan	tier1_004_angina_pectoris	66	56	54	FALSE	0.794117647058824
smoking_initiation_gscan	tier1_005_atrial_fibrillation_and_flutter	67	50	49	FALSE	0.720588235294118
smoking_initiation_gscan	tier1_006_obesity	67	54	53	FALSE	0.779411764705882
smoking_initiation_gscan	tier1_007_obesity_due_to_excess_calories	67	54	53	FALSE	0.779411764705882
smoking_initiation_gscan	tier1_008_varicose_veins	67	55	54	FALSE	0.794117647058824
smoking_initiation_gscan	tier1_009_conduction_disorders	67	50	49	FALSE	0.720588235294118
smoking_initiation_gscan	tier1_010_heart_failure_strict	67	50	49	FALSE	0.720588235294118
smoking_initiation_gscan	tier1_011_heart_failure_and_coronary_heart_disease	67	50	49	FALSE	0.720588235294118
smoking_initiation_gscan	tier1_012_hypotension	67	49	48	FALSE	0.705882352941177
smoking_initiation_gscan	tier1_013_unstable_angina_pectoris	67	49	48	FALSE	0.705882352941177
smoking_initiation_gscan	tier1_014_hernia	67	58	57	FALSE	0.838235294117647
smoking_initiation_gscan	tier1_015_diverticular_disease_of_intestine	67	56	55	FALSE	0.808823529411765
smoking_initiation_gscan	tier1_016_hernia_of_abdominal_wall	67	58	57	FALSE	0.838235294117647
smoking_initiation_gscan	tier1_017_inguinal_hernia	66	54	52	FALSE	0.764705882352941
smoking_initiation_gscan	tier1_018_cholelithiasis	67	56	55	FALSE	0.808823529411765
smoking_initiation_gscan	tier1_019_diaphragmatic_hernia	67	60	59	FALSE	0.867647058823529
smoking_initiation_gscan	tier1_020_obesity_related_asthma	65	54	52	FALSE	0.776119402985075
smoking_initiation_gscan	tier1_021_influenza_and_pneumonia	67	54	53	FALSE	0.779411764705882
smoking_initiation_gscan	tier1_022_asthma_related_pneumonia	67	54	53	FALSE	0.779411764705882
smoking_initiation_gscan	tier1_023_constipation	67	54	53	FALSE	0.779411764705882
smoking_initiation_gscan	tier1_024_other_gastritis_incl_duodenitis	67	58	57	FALSE	0.838235294117647
smoking_initiation_gscan	tier1_025_hernia_of_abdominal_wall_postoperative	67	58	57	FALSE	0.838235294117647
smoking_initiation_gscan	tier1_026_irritable_bowel_syndrome	67	49	48	FALSE	0.705882352941177
smoking_initiation_gscan	tier1_027_pleural_effusion	67	50	49	FALSE	0.720588235294118
smoking_initiation_gscan	tier1_028_gastric_ulcer	67	49	48	FALSE	0.705882352941177
smoking_initiation_gscan	tier1_029_noninflammatory_disorders_of_female_genital_tract	67	58	57	FALSE	0.838235294117647
smoking_initiation_gscan	tier1_030_hyperplasia_of_prostate	67	49	48	FALSE	0.705882352941177
smoking_initiation_gscan	tier1_031_renal_failure	67	49	48	FALSE	0.705882352941177
smoking_initiation_gscan	tier1_032_polyp_of_the_female_genital_tract	66	54	53	FALSE	0.791044776119403
smoking_initiation_gscan	tier1_033_postmenopausal_bleeding	67	54	53	FALSE	0.779411764705882
smoking_initiation_gscan	tier1_034_acute_renal_failure	67	50	49	FALSE	0.720588235294118
smoking_initiation_gscan	tier1_035_inflammatory_diseases_of_female_pelvic_organs	60	54	48	FALSE	0.727272727272727
smoking_initiation_gscan	tier1_036_ovarian_cyst	67	49	48	FALSE	0.705882352941177
smoking_initiation_gscan	tier1_037_low_back_pain	67	58	57	FALSE	0.838235294117647
smoking_initiation_gscan	tier1_038_disorders_of_synovium_and_tendon	67	54	53	FALSE	0.779411764705882
smoking_initiation_gscan	tier1_039_pain_in_joint	67	50	49	FALSE	0.720588235294118
smoking_initiation_gscan	tier1_040_osteoporosis	67	49	48	FALSE	0.705882352941177
smoking_initiation_gscan	tier1_041_pain_in_limb	67	50	49	FALSE	0.720588235294118
smoking_initiation_gscan	tier1_042_polyarthropathies	67	55	54	FALSE	0.794117647058824
smoking_initiation_gscan	tier1_043_rheumatoid_arthritis	67	49	48	FALSE	0.705882352941177
smoking_initiation_gscan	tier1_044_spinal_stenosis	67	49	48	FALSE	0.705882352941177
smoking_initiation_gscan	tier1_045_sleep_disorders_combined	67	56	55	FALSE	0.808823529411765
smoking_initiation_gscan	tier1_046_sleep_apnoea	67	55	54	FALSE	0.794117647058824
smoking_initiation_gscan	tier1_047_cardiac_arrhythmias	67	56	55	FALSE	0.808823529411765
smoking_initiation_gscan	tier1_048_pain_limb_back_neck_head_abdominally	67	58	57	FALSE	0.838235294117647
smoking_initiation_gscan	tier1_049_iron_deficiency_anaemia	67	54	53	FALSE	0.779411764705882
smoking_initiation_gscan	tier1_050_retention_of_urine	67	50	49	FALSE	0.720588235294118
smoking_initiation_gscan	tier1_051_senile_cataract	67	54	53	FALSE	0.779411764705882
smoking_initiation_gscan	tier1_052_other_disorders_of_eyelid	67	49	48	FALSE	0.705882352941177
smoking_initiation_gscan	tier1_053_glaucoma	67	50	49	FALSE	0.720588235294118
t1d_gcst010681	tier1_001_hypertension	39	37	36	FALSE	0.9
t1d_gcst010681	tier1_002_hypertension_essential	39	37	36	FALSE	0.9
t1d_gcst010681	tier1_003_ischaemic_heart_disease_wide_definition	39	37	36	FALSE	0.9
t1d_gcst010681	tier1_004_angina_pectoris	39	37	36	FALSE	0.9
t1d_gcst010681	tier1_005_atrial_fibrillation_and_flutter	39	31	30	FALSE	0.75
t1d_gcst010681	tier1_006_obesity	39	33	32	FALSE	0.8
t1d_gcst010681	tier1_007_obesity_due_to_excess_calories	39	33	32	FALSE	0.8
t1d_gcst010681	tier1_008_varicose_veins	39	36	35	FALSE	0.875
t1d_gcst010681	tier1_009_conduction_disorders	39	31	30	FALSE	0.75
t1d_gcst010681	tier1_010_heart_failure_strict	39	31	30	FALSE	0.75
t1d_gcst010681	tier1_011_heart_failure_and_coronary_heart_disease	39	31	30	FALSE	0.75
t1d_gcst010681	tier1_012_hypotension	39	31	30	FALSE	0.75
t1d_gcst010681	tier1_013_unstable_angina_pectoris	39	31	30	FALSE	0.75
t1d_gcst010681	tier1_014_hernia	39	37	36	FALSE	0.9
t1d_gcst010681	tier1_015_diverticular_disease_of_intestine	39	37	36	FALSE	0.9
t1d_gcst010681	tier1_016_hernia_of_abdominal_wall	39	37	36	FALSE	0.9
t1d_gcst010681	tier1_017_inguinal_hernia	39	33	32	FALSE	0.8
t1d_gcst010681	tier1_018_cholelithiasis	39	37	36	FALSE	0.9
t1d_gcst010681	tier1_019_diaphragmatic_hernia	39	37	36	FALSE	0.9
t1d_gcst010681	tier1_020_obesity_related_asthma	40	33	32	FALSE	0.780487804878049
t1d_gcst010681	tier1_021_influenza_and_pneumonia	38	33	31	FALSE	0.775
t1d_gcst010681	tier1_022_asthma_related_pneumonia	40	33	32	FALSE	0.780487804878049
t1d_gcst010681	tier1_023_constipation	39	33	32	FALSE	0.8
t1d_gcst010681	tier1_024_other_gastritis_incl_duodenitis	39	37	36	FALSE	0.9
t1d_gcst010681	tier1_025_hernia_of_abdominal_wall_postoperative	39	37	36	FALSE	0.9
t1d_gcst010681	tier1_026_irritable_bowel_syndrome	39	31	30	FALSE	0.75
t1d_gcst010681	tier1_027_pleural_effusion	39	31	30	FALSE	0.75
t1d_gcst010681	tier1_028_gastric_ulcer	39	31	30	FALSE	0.75
t1d_gcst010681	tier1_029_noninflammatory_disorders_of_female_genital_tract	39	37	36	FALSE	0.9
t1d_gcst010681	tier1_030_hyperplasia_of_prostate	39	31	30	FALSE	0.75
t1d_gcst010681	tier1_031_renal_failure	39	31	30	FALSE	0.75
t1d_gcst010681	tier1_032_polyp_of_the_female_genital_tract	39	33	32	FALSE	0.8
t1d_gcst010681	tier1_033_postmenopausal_bleeding	39	33	32	FALSE	0.8
t1d_gcst010681	tier1_034_acute_renal_failure	39	31	30	FALSE	0.75
t1d_gcst010681	tier1_035_inflammatory_diseases_of_female_pelvic_organs	39	33	32	FALSE	0.8
t1d_gcst010681	tier1_036_ovarian_cyst	40	31	30	FALSE	0.731707317073171
t1d_gcst010681	tier1_037_low_back_pain	39	37	36	FALSE	0.9
t1d_gcst010681	tier1_038_disorders_of_synovium_and_tendon	39	33	32	FALSE	0.8
t1d_gcst010681	tier1_039_pain_in_joint	39	31	30	FALSE	0.75
t1d_gcst010681	tier1_040_osteoporosis	39	31	30	FALSE	0.75
t1d_gcst010681	tier1_041_pain_in_limb	39	31	30	FALSE	0.75
t1d_gcst010681	tier1_042_polyarthropathies	39	33	32	FALSE	0.8
t1d_gcst010681	tier1_043_rheumatoid_arthritis	39	31	30	FALSE	0.75
t1d_gcst010681	tier1_044_spinal_stenosis	39	31	30	FALSE	0.75
t1d_gcst010681	tier1_045_sleep_disorders_combined	39	37	36	FALSE	0.9
t1d_gcst010681	tier1_046_sleep_apnoea	39	34	33	FALSE	0.825
t1d_gcst010681	tier1_047_cardiac_arrhythmias	40	37	36	FALSE	0.878048780487805
t1d_gcst010681	tier1_048_pain_limb_back_neck_head_abdominally	39	37	36	FALSE	0.9
t1d_gcst010681	tier1_049_iron_deficiency_anaemia	39	33	32	FALSE	0.8
t1d_gcst010681	tier1_050_retention_of_urine	39	31	30	FALSE	0.75
t1d_gcst010681	tier1_051_senile_cataract	39	33	32	FALSE	0.8
t1d_gcst010681	tier1_052_other_disorders_of_eyelid	39	31	30	FALSE	0.75
t1d_gcst010681	tier1_053_glaucoma	39	31	30	FALSE	0.75
t2d_eur_bmiadjusted	tier1_001_hypertension	52	50	50	FALSE	0.961538461538461
t2d_eur_bmiadjusted	tier1_002_hypertension_essential	52	50	50	FALSE	0.961538461538461
t2d_eur_bmiadjusted	tier1_003_ischaemic_heart_disease_wide_definition	52	50	50	FALSE	0.961538461538461
t2d_eur_bmiadjusted	tier1_004_angina_pectoris	52	50	50	FALSE	0.961538461538461
t2d_eur_bmiadjusted	tier1_005_atrial_fibrillation_and_flutter	52	47	47	FALSE	0.903846153846154
t2d_eur_bmiadjusted	tier1_006_obesity	52	50	50	FALSE	0.961538461538461
t2d_eur_bmiadjusted	tier1_007_obesity_due_to_excess_calories	52	50	50	FALSE	0.961538461538461
t2d_eur_bmiadjusted	tier1_008_varicose_veins	52	50	50	FALSE	0.961538461538461
t2d_eur_bmiadjusted	tier1_009_conduction_disorders	51	47	46	FALSE	0.884615384615385
t2d_eur_bmiadjusted	tier1_010_heart_failure_strict	52	47	47	FALSE	0.903846153846154
t2d_eur_bmiadjusted	tier1_011_heart_failure_and_coronary_heart_disease	52	47	47	FALSE	0.903846153846154
t2d_eur_bmiadjusted	tier1_012_hypotension	52	47	47	FALSE	0.903846153846154
t2d_eur_bmiadjusted	tier1_013_unstable_angina_pectoris	52	47	47	FALSE	0.903846153846154
t2d_eur_bmiadjusted	tier1_014_hernia	52	50	50	FALSE	0.961538461538461
t2d_eur_bmiadjusted	tier1_015_diverticular_disease_of_intestine	52	50	50	FALSE	0.961538461538461
t2d_eur_bmiadjusted	tier1_016_hernia_of_abdominal_wall	52	50	50	FALSE	0.961538461538461
t2d_eur_bmiadjusted	tier1_017_inguinal_hernia	51	50	49	FALSE	0.942307692307692
t2d_eur_bmiadjusted	tier1_018_cholelithiasis	52	50	50	FALSE	0.961538461538461
t2d_eur_bmiadjusted	tier1_019_diaphragmatic_hernia	52	50	50	FALSE	0.961538461538461
t2d_eur_bmiadjusted	tier1_020_obesity_related_asthma	52	50	50	FALSE	0.961538461538461
t2d_eur_bmiadjusted	tier1_021_influenza_and_pneumonia	52	50	50	FALSE	0.961538461538461
t2d_eur_bmiadjusted	tier1_022_asthma_related_pneumonia	52	50	50	FALSE	0.961538461538461
t2d_eur_bmiadjusted	tier1_023_constipation	52	50	50	FALSE	0.961538461538461
t2d_eur_bmiadjusted	tier1_024_other_gastritis_incl_duodenitis	52	50	50	FALSE	0.961538461538461
t2d_eur_bmiadjusted	tier1_025_hernia_of_abdominal_wall_postoperative	52	50	50	FALSE	0.961538461538461
t2d_eur_bmiadjusted	tier1_026_irritable_bowel_syndrome	52	47	47	FALSE	0.903846153846154
t2d_eur_bmiadjusted	tier1_027_pleural_effusion	52	47	47	FALSE	0.903846153846154
t2d_eur_bmiadjusted	tier1_028_gastric_ulcer	52	47	47	FALSE	0.903846153846154
t2d_eur_bmiadjusted	tier1_029_noninflammatory_disorders_of_female_genital_tract	52	50	50	FALSE	0.961538461538461
t2d_eur_bmiadjusted	tier1_030_hyperplasia_of_prostate	52	47	47	FALSE	0.903846153846154
t2d_eur_bmiadjusted	tier1_031_renal_failure	51	47	46	FALSE	0.884615384615385
t2d_eur_bmiadjusted	tier1_032_polyp_of_the_female_genital_tract	52	50	50	FALSE	0.961538461538461
t2d_eur_bmiadjusted	tier1_033_postmenopausal_bleeding	52	50	50	FALSE	0.961538461538461
t2d_eur_bmiadjusted	tier1_034_acute_renal_failure	52	47	47	FALSE	0.903846153846154
t2d_eur_bmiadjusted	tier1_035_inflammatory_diseases_of_female_pelvic_organs	52	50	50	FALSE	0.961538461538461
t2d_eur_bmiadjusted	tier1_036_ovarian_cyst	52	47	47	FALSE	0.903846153846154
t2d_eur_bmiadjusted	tier1_037_low_back_pain	52	50	50	FALSE	0.961538461538461
t2d_eur_bmiadjusted	tier1_038_disorders_of_synovium_and_tendon	52	50	50	FALSE	0.961538461538461
t2d_eur_bmiadjusted	tier1_039_pain_in_joint	51	47	46	FALSE	0.884615384615385
t2d_eur_bmiadjusted	tier1_040_osteoporosis	52	47	47	FALSE	0.903846153846154
t2d_eur_bmiadjusted	tier1_041_pain_in_limb	52	47	47	FALSE	0.903846153846154
t2d_eur_bmiadjusted	tier1_042_polyarthropathies	52	50	50	FALSE	0.961538461538461
t2d_eur_bmiadjusted	tier1_043_rheumatoid_arthritis	52	47	47	FALSE	0.903846153846154
t2d_eur_bmiadjusted	tier1_044_spinal_stenosis	52	47	47	FALSE	0.903846153846154
t2d_eur_bmiadjusted	tier1_045_sleep_disorders_combined	52	50	50	FALSE	0.961538461538461
t2d_eur_bmiadjusted	tier1_046_sleep_apnoea	52	50	50	FALSE	0.961538461538461
t2d_eur_bmiadjusted	tier1_047_cardiac_arrhythmias	52	50	50	FALSE	0.961538461538461
t2d_eur_bmiadjusted	tier1_048_pain_limb_back_neck_head_abdominally	52	50	50	FALSE	0.961538461538461
t2d_eur_bmiadjusted	tier1_049_iron_deficiency_anaemia	52	50	50	FALSE	0.961538461538461
t2d_eur_bmiadjusted	tier1_050_retention_of_urine	52	47	47	FALSE	0.903846153846154
t2d_eur_bmiadjusted	tier1_051_senile_cataract	52	50	50	FALSE	0.961538461538461
t2d_eur_bmiadjusted	tier1_052_other_disorders_of_eyelid	52	47	47	FALSE	0.903846153846154
t2d_eur_bmiadjusted	tier1_053_glaucoma	52	47	47	FALSE	0.903846153846154
t2d_eur_bmiunadjusted	tier1_001_hypertension	54	53	53	FALSE	0.981481481481481
t2d_eur_bmiunadjusted	tier1_002_hypertension_essential	54	53	53	FALSE	0.981481481481481
t2d_eur_bmiunadjusted	tier1_003_ischaemic_heart_disease_wide_definition	54	53	53	FALSE	0.981481481481481
t2d_eur_bmiunadjusted	tier1_004_angina_pectoris	54	53	53	FALSE	0.981481481481481
t2d_eur_bmiunadjusted	tier1_005_atrial_fibrillation_and_flutter	54	50	50	FALSE	0.925925925925926
t2d_eur_bmiunadjusted	tier1_006_obesity	54	52	52	FALSE	0.962962962962963
t2d_eur_bmiunadjusted	tier1_007_obesity_due_to_excess_calories	54	52	52	FALSE	0.962962962962963
t2d_eur_bmiunadjusted	tier1_008_varicose_veins	54	53	53	FALSE	0.981481481481481
t2d_eur_bmiunadjusted	tier1_009_conduction_disorders	53	50	49	FALSE	0.907407407407407
t2d_eur_bmiunadjusted	tier1_010_heart_failure_strict	54	50	50	FALSE	0.925925925925926
t2d_eur_bmiunadjusted	tier1_011_heart_failure_and_coronary_heart_disease	54	50	50	FALSE	0.925925925925926
t2d_eur_bmiunadjusted	tier1_012_hypotension	54	50	50	FALSE	0.925925925925926
t2d_eur_bmiunadjusted	tier1_013_unstable_angina_pectoris	54	50	50	FALSE	0.925925925925926
t2d_eur_bmiunadjusted	tier1_014_hernia	54	53	53	FALSE	0.981481481481481
t2d_eur_bmiunadjusted	tier1_015_diverticular_disease_of_intestine	54	53	53	FALSE	0.981481481481481
t2d_eur_bmiunadjusted	tier1_016_hernia_of_abdominal_wall	54	53	53	FALSE	0.981481481481481
t2d_eur_bmiunadjusted	tier1_017_inguinal_hernia	53	53	52	FALSE	0.962962962962963
t2d_eur_bmiunadjusted	tier1_018_cholelithiasis	54	53	53	FALSE	0.981481481481481
t2d_eur_bmiunadjusted	tier1_019_diaphragmatic_hernia	54	53	53	FALSE	0.981481481481481
t2d_eur_bmiunadjusted	tier1_020_obesity_related_asthma	54	52	52	FALSE	0.962962962962963
t2d_eur_bmiunadjusted	tier1_021_influenza_and_pneumonia	54	53	53	FALSE	0.981481481481481
t2d_eur_bmiunadjusted	tier1_022_asthma_related_pneumonia	54	53	53	FALSE	0.981481481481481
t2d_eur_bmiunadjusted	tier1_023_constipation	54	53	53	FALSE	0.981481481481481
t2d_eur_bmiunadjusted	tier1_024_other_gastritis_incl_duodenitis	54	53	53	FALSE	0.981481481481481
t2d_eur_bmiunadjusted	tier1_025_hernia_of_abdominal_wall_postoperative	54	53	53	FALSE	0.981481481481481
t2d_eur_bmiunadjusted	tier1_026_irritable_bowel_syndrome	54	50	50	FALSE	0.925925925925926
t2d_eur_bmiunadjusted	tier1_027_pleural_effusion	54	50	50	FALSE	0.925925925925926
t2d_eur_bmiunadjusted	tier1_028_gastric_ulcer	54	50	50	FALSE	0.925925925925926
t2d_eur_bmiunadjusted	tier1_029_noninflammatory_disorders_of_female_genital_tract	54	53	53	FALSE	0.981481481481481
t2d_eur_bmiunadjusted	tier1_030_hyperplasia_of_prostate	53	50	49	FALSE	0.907407407407407
t2d_eur_bmiunadjusted	tier1_031_renal_failure	54	50	50	FALSE	0.925925925925926
t2d_eur_bmiunadjusted	tier1_032_polyp_of_the_female_genital_tract	54	53	53	FALSE	0.981481481481481
t2d_eur_bmiunadjusted	tier1_033_postmenopausal_bleeding	54	53	53	FALSE	0.981481481481481
t2d_eur_bmiunadjusted	tier1_034_acute_renal_failure	54	50	50	FALSE	0.925925925925926
t2d_eur_bmiunadjusted	tier1_035_inflammatory_diseases_of_female_pelvic_organs	54	53	53	FALSE	0.981481481481481
t2d_eur_bmiunadjusted	tier1_036_ovarian_cyst	54	50	50	FALSE	0.925925925925926
t2d_eur_bmiunadjusted	tier1_037_low_back_pain	54	53	53	FALSE	0.981481481481481
t2d_eur_bmiunadjusted	tier1_038_disorders_of_synovium_and_tendon	54	53	53	FALSE	0.981481481481481
t2d_eur_bmiunadjusted	tier1_039_pain_in_joint	53	50	49	FALSE	0.907407407407407
t2d_eur_bmiunadjusted	tier1_040_osteoporosis	54	50	50	FALSE	0.925925925925926
t2d_eur_bmiunadjusted	tier1_041_pain_in_limb	54	50	50	FALSE	0.925925925925926
t2d_eur_bmiunadjusted	tier1_042_polyarthropathies	54	53	53	FALSE	0.981481481481481
t2d_eur_bmiunadjusted	tier1_043_rheumatoid_arthritis	54	50	50	FALSE	0.925925925925926
t2d_eur_bmiunadjusted	tier1_044_spinal_stenosis	54	50	50	FALSE	0.925925925925926
t2d_eur_bmiunadjusted	tier1_045_sleep_disorders_combined	54	52	52	FALSE	0.962962962962963
t2d_eur_bmiunadjusted	tier1_046_sleep_apnoea	54	52	52	FALSE	0.962962962962963
t2d_eur_bmiunadjusted	tier1_047_cardiac_arrhythmias	54	53	53	FALSE	0.981481481481481
t2d_eur_bmiunadjusted	tier1_048_pain_limb_back_neck_head_abdominally	54	53	53	FALSE	0.981481481481481
t2d_eur_bmiunadjusted	tier1_049_iron_deficiency_anaemia	54	53	53	FALSE	0.981481481481481
t2d_eur_bmiunadjusted	tier1_050_retention_of_urine	54	50	50	FALSE	0.925925925925926
t2d_eur_bmiunadjusted	tier1_051_senile_cataract	54	53	53	FALSE	0.981481481481481
t2d_eur_bmiunadjusted	tier1_052_other_disorders_of_eyelid	54	50	50	FALSE	0.925925925925926
t2d_eur_bmiunadjusted	tier1_053_glaucoma	54	50	50	FALSE	0.925925925925926
uacr_ckdgen_ea	tier1_001_hypertension	28	27	26	FALSE	0.896551724137931
uacr_ckdgen_ea	tier1_002_hypertension_essential	28	27	26	FALSE	0.896551724137931
uacr_ckdgen_ea	tier1_003_ischaemic_heart_disease_wide_definition	28	27	26	FALSE	0.896551724137931
uacr_ckdgen_ea	tier1_004_angina_pectoris	28	23	22	FALSE	0.758620689655172
uacr_ckdgen_ea	tier1_005_atrial_fibrillation_and_flutter	28	20	19	FALSE	0.655172413793103
uacr_ckdgen_ea	tier1_006_obesity	28	21	20	FALSE	0.689655172413793
uacr_ckdgen_ea	tier1_007_obesity_due_to_excess_calories	28	21	20	FALSE	0.689655172413793
uacr_ckdgen_ea	tier1_008_varicose_veins	28	22	21	FALSE	0.724137931034483
uacr_ckdgen_ea	tier1_009_conduction_disorders	28	20	19	FALSE	0.655172413793103
uacr_ckdgen_ea	tier1_010_heart_failure_strict	28	20	19	FALSE	0.655172413793103
uacr_ckdgen_ea	tier1_011_heart_failure_and_coronary_heart_disease	28	20	19	FALSE	0.655172413793103
uacr_ckdgen_ea	tier1_012_hypotension	28	20	19	FALSE	0.655172413793103
uacr_ckdgen_ea	tier1_013_unstable_angina_pectoris	28	20	19	FALSE	0.655172413793103
uacr_ckdgen_ea	tier1_014_hernia	28	23	22	FALSE	0.758620689655172
uacr_ckdgen_ea	tier1_015_diverticular_disease_of_intestine	28	23	22	FALSE	0.758620689655172
uacr_ckdgen_ea	tier1_016_hernia_of_abdominal_wall	28	23	22	FALSE	0.758620689655172
uacr_ckdgen_ea	tier1_017_inguinal_hernia	27	21	20	FALSE	0.714285714285714
uacr_ckdgen_ea	tier1_018_cholelithiasis	28	23	22	FALSE	0.758620689655172
uacr_ckdgen_ea	tier1_019_diaphragmatic_hernia	28	27	26	FALSE	0.896551724137931
uacr_ckdgen_ea	tier1_020_obesity_related_asthma	28	21	20	FALSE	0.689655172413793
uacr_ckdgen_ea	tier1_021_influenza_and_pneumonia	28	21	20	FALSE	0.689655172413793
uacr_ckdgen_ea	tier1_022_asthma_related_pneumonia	28	21	20	FALSE	0.689655172413793
uacr_ckdgen_ea	tier1_023_constipation	28	21	20	FALSE	0.689655172413793
uacr_ckdgen_ea	tier1_024_other_gastritis_incl_duodenitis	28	23	22	FALSE	0.758620689655172
uacr_ckdgen_ea	tier1_025_hernia_of_abdominal_wall_postoperative	28	23	22	FALSE	0.758620689655172
uacr_ckdgen_ea	tier1_026_irritable_bowel_syndrome	28	20	19	FALSE	0.655172413793103
uacr_ckdgen_ea	tier1_027_pleural_effusion	28	20	19	FALSE	0.655172413793103
uacr_ckdgen_ea	tier1_028_gastric_ulcer	28	20	19	FALSE	0.655172413793103
uacr_ckdgen_ea	tier1_029_noninflammatory_disorders_of_female_genital_tract	28	23	22	FALSE	0.758620689655172
uacr_ckdgen_ea	tier1_030_hyperplasia_of_prostate	28	20	19	FALSE	0.655172413793103
uacr_ckdgen_ea	tier1_031_renal_failure	28	20	19	FALSE	0.655172413793103
uacr_ckdgen_ea	tier1_032_polyp_of_the_female_genital_tract	28	20	19	FALSE	0.655172413793103
uacr_ckdgen_ea	tier1_033_postmenopausal_bleeding	28	20	19	FALSE	0.655172413793103
uacr_ckdgen_ea	tier1_034_acute_renal_failure	28	20	19	FALSE	0.655172413793103
uacr_ckdgen_ea	tier1_035_inflammatory_diseases_of_female_pelvic_organs	27	20	18	FALSE	0.620689655172414
uacr_ckdgen_ea	tier1_036_ovarian_cyst	28	20	19	FALSE	0.655172413793103
uacr_ckdgen_ea	tier1_037_low_back_pain	28	24	23	FALSE	0.793103448275862
uacr_ckdgen_ea	tier1_038_disorders_of_synovium_and_tendon	28	20	19	FALSE	0.655172413793103
uacr_ckdgen_ea	tier1_039_pain_in_joint	28	20	19	FALSE	0.655172413793103
uacr_ckdgen_ea	tier1_040_osteoporosis	28	20	19	FALSE	0.655172413793103
uacr_ckdgen_ea	tier1_041_pain_in_limb	28	20	19	FALSE	0.655172413793103
uacr_ckdgen_ea	tier1_042_polyarthropathies	28	21	20	FALSE	0.689655172413793
uacr_ckdgen_ea	tier1_043_rheumatoid_arthritis	28	20	19	FALSE	0.655172413793103
uacr_ckdgen_ea	tier1_044_spinal_stenosis	28	20	19	FALSE	0.655172413793103
uacr_ckdgen_ea	tier1_045_sleep_disorders_combined	28	23	22	FALSE	0.758620689655172
uacr_ckdgen_ea	tier1_046_sleep_apnoea	28	21	20	FALSE	0.689655172413793
uacr_ckdgen_ea	tier1_047_cardiac_arrhythmias	28	23	22	FALSE	0.758620689655172
uacr_ckdgen_ea	tier1_048_pain_limb_back_neck_head_abdominally	28	24	23	FALSE	0.793103448275862
uacr_ckdgen_ea	tier1_049_iron_deficiency_anaemia	28	21	20	FALSE	0.689655172413793
uacr_ckdgen_ea	tier1_050_retention_of_urine	28	20	19	FALSE	0.655172413793103
uacr_ckdgen_ea	tier1_051_senile_cataract	28	20	19	FALSE	0.655172413793103
uacr_ckdgen_ea	tier1_052_other_disorders_of_eyelid	28	20	19	FALSE	0.655172413793103
uacr_ckdgen_ea	tier1_053_glaucoma	28	20	19	FALSE	0.655172413793103
whradj_bmi_giant_eur	tier1_001_hypertension	34	33	33	FALSE	0.970588235294118
whradj_bmi_giant_eur	tier1_002_hypertension_essential	34	33	33	FALSE	0.970588235294118
whradj_bmi_giant_eur	tier1_003_ischaemic_heart_disease_wide_definition	34	33	33	FALSE	0.970588235294118
whradj_bmi_giant_eur	tier1_004_angina_pectoris	34	31	31	FALSE	0.911764705882353
whradj_bmi_giant_eur	tier1_005_atrial_fibrillation_and_flutter	34	29	29	FALSE	0.852941176470588
whradj_bmi_giant_eur	tier1_006_obesity	34	31	31	FALSE	0.911764705882353
whradj_bmi_giant_eur	tier1_007_obesity_due_to_excess_calories	34	31	31	FALSE	0.911764705882353
whradj_bmi_giant_eur	tier1_008_varicose_veins	34	31	31	FALSE	0.911764705882353
whradj_bmi_giant_eur	tier1_009_conduction_disorders	34	29	29	FALSE	0.852941176470588
whradj_bmi_giant_eur	tier1_010_heart_failure_strict	34	29	29	FALSE	0.852941176470588
whradj_bmi_giant_eur	tier1_011_heart_failure_and_coronary_heart_disease	34	29	29	FALSE	0.852941176470588
whradj_bmi_giant_eur	tier1_012_hypotension	34	29	29	FALSE	0.852941176470588
whradj_bmi_giant_eur	tier1_013_unstable_angina_pectoris	34	29	29	FALSE	0.852941176470588
whradj_bmi_giant_eur	tier1_014_hernia	34	32	32	FALSE	0.941176470588235
whradj_bmi_giant_eur	tier1_015_diverticular_disease_of_intestine	34	31	31	FALSE	0.911764705882353
whradj_bmi_giant_eur	tier1_016_hernia_of_abdominal_wall	34	32	32	FALSE	0.941176470588235
whradj_bmi_giant_eur	tier1_017_inguinal_hernia	33	31	31	FALSE	0.939393939393939
whradj_bmi_giant_eur	tier1_018_cholelithiasis	34	31	31	FALSE	0.911764705882353
whradj_bmi_giant_eur	tier1_019_diaphragmatic_hernia	34	32	32	FALSE	0.941176470588235
whradj_bmi_giant_eur	tier1_020_obesity_related_asthma	33	31	30	FALSE	0.882352941176471
whradj_bmi_giant_eur	tier1_021_influenza_and_pneumonia	34	31	31	FALSE	0.911764705882353
whradj_bmi_giant_eur	tier1_022_asthma_related_pneumonia	34	31	31	FALSE	0.911764705882353
whradj_bmi_giant_eur	tier1_023_constipation	34	31	31	FALSE	0.911764705882353
whradj_bmi_giant_eur	tier1_024_other_gastritis_incl_duodenitis	34	31	31	FALSE	0.911764705882353
whradj_bmi_giant_eur	tier1_025_hernia_of_abdominal_wall_postoperative	34	32	32	FALSE	0.941176470588235
whradj_bmi_giant_eur	tier1_026_irritable_bowel_syndrome	34	29	29	FALSE	0.852941176470588
whradj_bmi_giant_eur	tier1_027_pleural_effusion	34	29	29	FALSE	0.852941176470588
whradj_bmi_giant_eur	tier1_028_gastric_ulcer	34	29	29	FALSE	0.852941176470588
whradj_bmi_giant_eur	tier1_029_noninflammatory_disorders_of_female_genital_tract	34	31	31	FALSE	0.911764705882353
whradj_bmi_giant_eur	tier1_030_hyperplasia_of_prostate	34	29	29	FALSE	0.852941176470588
whradj_bmi_giant_eur	tier1_031_renal_failure	34	29	29	FALSE	0.852941176470588
whradj_bmi_giant_eur	tier1_032_polyp_of_the_female_genital_tract	34	31	31	FALSE	0.911764705882353
whradj_bmi_giant_eur	tier1_033_postmenopausal_bleeding	34	31	31	FALSE	0.911764705882353
whradj_bmi_giant_eur	tier1_034_acute_renal_failure	34	29	29	FALSE	0.852941176470588
whradj_bmi_giant_eur	tier1_035_inflammatory_diseases_of_female_pelvic_organs	34	31	31	FALSE	0.911764705882353
whradj_bmi_giant_eur	tier1_036_ovarian_cyst	34	29	29	FALSE	0.852941176470588
whradj_bmi_giant_eur	tier1_037_low_back_pain	34	32	32	FALSE	0.941176470588235
whradj_bmi_giant_eur	tier1_038_disorders_of_synovium_and_tendon	34	31	31	FALSE	0.911764705882353
whradj_bmi_giant_eur	tier1_039_pain_in_joint	34	29	29	FALSE	0.852941176470588
whradj_bmi_giant_eur	tier1_040_osteoporosis	34	29	29	FALSE	0.852941176470588
whradj_bmi_giant_eur	tier1_041_pain_in_limb	34	29	29	FALSE	0.852941176470588
whradj_bmi_giant_eur	tier1_042_polyarthropathies	34	31	31	FALSE	0.911764705882353
whradj_bmi_giant_eur	tier1_043_rheumatoid_arthritis	34	29	29	FALSE	0.852941176470588
whradj_bmi_giant_eur	tier1_044_spinal_stenosis	34	29	29	FALSE	0.852941176470588
whradj_bmi_giant_eur	tier1_045_sleep_disorders_combined	34	31	31	FALSE	0.911764705882353
whradj_bmi_giant_eur	tier1_046_sleep_apnoea	34	31	31	FALSE	0.911764705882353
whradj_bmi_giant_eur	tier1_047_cardiac_arrhythmias	34	31	31	FALSE	0.911764705882353
whradj_bmi_giant_eur	tier1_048_pain_limb_back_neck_head_abdominally	34	32	32	FALSE	0.941176470588235
whradj_bmi_giant_eur	tier1_049_iron_deficiency_anaemia	34	31	31	FALSE	0.911764705882353
whradj_bmi_giant_eur	tier1_050_retention_of_urine	34	29	29	FALSE	0.852941176470588
whradj_bmi_giant_eur	tier1_051_senile_cataract	34	31	31	FALSE	0.911764705882353
whradj_bmi_giant_eur	tier1_052_other_disorders_of_eyelid	34	29	29	FALSE	0.852941176470588
whradj_bmi_giant_eur	tier1_053_glaucoma	34	29	29	FALSE	0.852941176470588
